[16-Feb-2025 00:22:06 UTC] PHP Warning:  Attempt to read property "title" on null in C:\Users\micha\Local Sites\salem-events-hub-discover-local-happenings\app\public\wp-includes\class-wp-customize-widgets.php on line 923
[16-Feb-2025 00:28:52 UTC] PHP Warning:  Attempt to read property "title" on null in C:\Users\micha\Local Sites\salem-events-hub-discover-local-happenings\app\public\wp-includes\class-wp-customize-widgets.php on line 923
[16-Feb-2025 00:31:37 UTC] PHP Warning:  Attempt to read property "title" on null in C:\Users\micha\Local Sites\salem-events-hub-discover-local-happenings\app\public\wp-includes\class-wp-customize-widgets.php on line 923
[16-Feb-2025 00:31:54 UTC] PHP Warning:  Attempt to read property "title" on null in C:\Users\micha\Local Sites\salem-events-hub-discover-local-happenings\app\public\wp-includes\class-wp-customize-widgets.php on line 923
[16-Feb-2025 00:44:28 UTC] PHP Warning:  Attempt to read property "title" on null in C:\Users\micha\Local Sites\salem-events-hub-discover-local-happenings\app\public\wp-includes\class-wp-customize-widgets.php on line 923
[16-Feb-2025 01:02:32 UTC] PHP Warning:  Attempt to read property "title" on null in C:\Users\micha\Local Sites\salem-events-hub-discover-local-happenings\app\public\wp-includes\class-wp-customize-widgets.php on line 923
[16-Feb-2025 01:09:14 UTC] PHP Warning:  Attempt to read property "title" on null in C:\Users\micha\Local Sites\salem-events-hub-discover-local-happenings\app\public\wp-includes\class-wp-customize-widgets.php on line 923
[16-Feb-2025 01:15:00 UTC] PHP Warning:  Undefined array key "mega-menu" in C:\Users\micha\Local Sites\salem-events-hub-discover-local-happenings\app\public\wp-content\plugins\elementor\modules\ai\connect\ai.php on line 776
[16-Feb-2025 01:15:00 UTC] PHP Warning:  Undefined array key "mega-menu" in C:\Users\micha\Local Sites\salem-events-hub-discover-local-happenings\app\public\wp-content\plugins\elementor\modules\ai\connect\ai.php on line 776
[16-Feb-2025 01:15:01 UTC] PHP Warning:  Undefined array key "mega-menu" in C:\Users\micha\Local Sites\salem-events-hub-discover-local-happenings\app\public\wp-content\plugins\elementor\modules\ai\connect\ai.php on line 776
[16-Feb-2025 01:22:33 UTC] [Image Optimizer]: info in ImageOptimization\Modules\Core\Components\Migrations->run_migration(): The migration `fix_optimized_size_keys` successfully executed.
[16-Feb-2025 01:22:33 UTC] [Image Optimizer]: info in ImageOptimization\Modules\Core\Components\Migrations->run_migration(): The migration `fix_mime_type` successfully executed.
[16-Feb-2025 01:22:33 UTC] [Image Optimizer]: info in ImageOptimization\Modules\Core\Components\Migrations->run_migration(): The migration `fix_avif_with_zero_dimensions` successfully executed.
[16-Feb-2025 01:30:53 UTC] [Image Optimizer]: info in ImageOptimization\Modules\ConnectManager\Components\Connect->get_connect_status(): Status check error. Reason: User is not connected
[16-Feb-2025 01:30:56 UTC] [Image Optimizer]: info in ImageOptimization\Modules\ConnectManager\Components\Connect->get_connect_status(): Status check error. Reason: User is not connected
[16-Feb-2025 01:50:28 UTC] [Image Optimizer]: info in ImageOptimization\Modules\Optimization\Classes\Optimize_Image->optimize(): Start optimization of 126
[16-Feb-2025 01:50:38 UTC] [Image Optimizer]: info in ImageOptimization\Modules\Optimization\Classes\Optimize_Image->optimize(): End optimization of 126
[16-Feb-2025 02:03:36 UTC] PHP Warning:  Attempt to read property "title" on null in C:\Users\micha\Local Sites\salem-events-hub-discover-local-happenings\app\public\wp-includes\class-wp-customize-widgets.php on line 923
[16-Feb-2025 02:03:40 UTC] PHP Warning:  Attempt to read property "title" on null in C:\Users\micha\Local Sites\salem-events-hub-discover-local-happenings\app\public\wp-includes\class-wp-customize-widgets.php on line 923
[16-Feb-2025 02:19:13 UTC] PHP Fatal error:  Uncaught TypeError: Elementor\Elements_Manager::create_element_instance(): Argument #1 ($element_data) must be of type array, bool given, called in C:\Users\micha\Local Sites\salem-events-hub-discover-local-happenings\app\public\wp-content\plugins\elementor-pro\core\utils.php on line 429 and defined in C:\Users\micha\Local Sites\salem-events-hub-discover-local-happenings\app\public\wp-content\plugins\elementor\includes\managers\elements.php:70
Stack trace:
#0 C:\Users\micha\Local Sites\salem-events-hub-discover-local-happenings\app\public\wp-content\plugins\elementor-pro\core\utils.php(429): Elementor\Elements_Manager->create_element_instance(false)
#1 C:\Users\micha\Local Sites\salem-events-hub-discover-local-happenings\app\public\wp-content\plugins\elementor-pro\modules\search\module.php(92): ElementorPro\Core\Utils::create_widget_instance_from_db('123', 'bf23fb7')
#2 C:\Users\micha\Local Sites\salem-events-hub-discover-local-happenings\app\public\wp-content\plugins\elementor-pro\modules\search\module.php(79): ElementorPro\Modules\Search\Module->get_query_based_on_widget_props('bf23fb7-123')
#3 C:\Users\micha\Local Sites\salem-events-hub-discover-local-happenings\app\public\wp-includes\class-wp-hook.php(324): ElementorPro\Modules\Search\Module->set_query(Object(WP_Query))
#4 C:\Users\micha\Local Sites\salem-events-hub-discover-local-happenings\app\public\wp-includes\class-wp-hook.php(348): WP_Hook->apply_filters(NULL, Array)
#5 C:\Users\micha\Local Sites\salem-events-hub-discover-local-happenings\app\public\wp-includes\plugin.php(565): WP_Hook->do_action(Array)
#6 C:\Users\micha\Local Sites\salem-events-hub-discover-local-happenings\app\public\wp-includes\class-wp-query.php(1881): do_action_ref_array('pre_get_posts', Array)
#7 C:\Users\micha\Local Sites\salem-events-hub-discover-local-happenings\app\public\wp-includes\class-wp-query.php(3852): WP_Query->get_posts()
#8 C:\Users\micha\Local Sites\salem-events-hub-discover-local-happenings\app\public\wp-includes\class-wp.php(696): WP_Query->query(Array)
#9 C:\Users\micha\Local Sites\salem-events-hub-discover-local-happenings\app\public\wp-includes\class-wp.php(816): WP->query_posts()
#10 C:\Users\micha\Local Sites\salem-events-hub-discover-local-happenings\app\public\wp-includes\functions.php(1336): WP->main('')
#11 C:\Users\micha\Local Sites\salem-events-hub-discover-local-happenings\app\public\wp-blog-header.php(16): wp()
#12 C:\Users\micha\Local Sites\salem-events-hub-discover-local-happenings\app\public\index.php(17): require('C:\\Users\\micha\\...')
#13 {main}
  thrown in C:\Users\micha\Local Sites\salem-events-hub-discover-local-happenings\app\public\wp-content\plugins\elementor\includes\managers\elements.php on line 70
[16-Feb-2025 02:19:20 UTC] PHP Fatal error:  Uncaught TypeError: Elementor\Elements_Manager::create_element_instance(): Argument #1 ($element_data) must be of type array, bool given, called in C:\Users\micha\Local Sites\salem-events-hub-discover-local-happenings\app\public\wp-content\plugins\elementor-pro\core\utils.php on line 429 and defined in C:\Users\micha\Local Sites\salem-events-hub-discover-local-happenings\app\public\wp-content\plugins\elementor\includes\managers\elements.php:70
Stack trace:
#0 C:\Users\micha\Local Sites\salem-events-hub-discover-local-happenings\app\public\wp-content\plugins\elementor-pro\core\utils.php(429): Elementor\Elements_Manager->create_element_instance(false)
#1 C:\Users\micha\Local Sites\salem-events-hub-discover-local-happenings\app\public\wp-content\plugins\elementor-pro\modules\search\module.php(92): ElementorPro\Core\Utils::create_widget_instance_from_db('123', 'bf23fb7')
#2 C:\Users\micha\Local Sites\salem-events-hub-discover-local-happenings\app\public\wp-content\plugins\elementor-pro\modules\search\module.php(79): ElementorPro\Modules\Search\Module->get_query_based_on_widget_props('bf23fb7-123')
#3 C:\Users\micha\Local Sites\salem-events-hub-discover-local-happenings\app\public\wp-includes\class-wp-hook.php(324): ElementorPro\Modules\Search\Module->set_query(Object(WP_Query))
#4 C:\Users\micha\Local Sites\salem-events-hub-discover-local-happenings\app\public\wp-includes\class-wp-hook.php(348): WP_Hook->apply_filters(NULL, Array)
#5 C:\Users\micha\Local Sites\salem-events-hub-discover-local-happenings\app\public\wp-includes\plugin.php(565): WP_Hook->do_action(Array)
#6 C:\Users\micha\Local Sites\salem-events-hub-discover-local-happenings\app\public\wp-includes\class-wp-query.php(1881): do_action_ref_array('pre_get_posts', Array)
#7 C:\Users\micha\Local Sites\salem-events-hub-discover-local-happenings\app\public\wp-includes\class-wp-query.php(3852): WP_Query->get_posts()
#8 C:\Users\micha\Local Sites\salem-events-hub-discover-local-happenings\app\public\wp-includes\class-wp.php(696): WP_Query->query(Array)
#9 C:\Users\micha\Local Sites\salem-events-hub-discover-local-happenings\app\public\wp-includes\class-wp.php(816): WP->query_posts()
#10 C:\Users\micha\Local Sites\salem-events-hub-discover-local-happenings\app\public\wp-includes\functions.php(1336): WP->main('')
#11 C:\Users\micha\Local Sites\salem-events-hub-discover-local-happenings\app\public\wp-blog-header.php(16): wp()
#12 C:\Users\micha\Local Sites\salem-events-hub-discover-local-happenings\app\public\index.php(17): require('C:\\Users\\micha\\...')
#13 {main}
  thrown in C:\Users\micha\Local Sites\salem-events-hub-discover-local-happenings\app\public\wp-content\plugins\elementor\includes\managers\elements.php on line 70
[16-Feb-2025 02:20:49 UTC] PHP Warning:  Undefined array key "id" in C:\Users\micha\Local Sites\salem-events-hub-discover-local-happenings\app\public\wp-content\plugins\elementor\includes\managers\image.php on line 41
[16-Feb-2025 02:20:49 UTC] PHP Warning:  Undefined array key "id" in C:\Users\micha\Local Sites\salem-events-hub-discover-local-happenings\app\public\wp-content\plugins\elementor\includes\managers\image.php on line 41
[16-Feb-2025 02:20:49 UTC] PHP Warning:  Trying to access array offset on value of type bool in C:\Users\micha\Local Sites\salem-events-hub-discover-local-happenings\app\public\wp-content\plugins\elementor\includes\managers\image.php on line 113
[16-Feb-2025 02:20:49 UTC] PHP Warning:  Trying to access array offset on value of type bool in C:\Users\micha\Local Sites\salem-events-hub-discover-local-happenings\app\public\wp-content\plugins\elementor\includes\managers\image.php on line 113
[16-Feb-2025 02:20:49 UTC] PHP Warning:  Trying to access array offset on value of type bool in C:\Users\micha\Local Sites\salem-events-hub-discover-local-happenings\app\public\wp-content\plugins\elementor\includes\managers\image.php on line 113
[16-Feb-2025 02:20:49 UTC] PHP Warning:  Trying to access array offset on value of type bool in C:\Users\micha\Local Sites\salem-events-hub-discover-local-happenings\app\public\wp-content\plugins\elementor\includes\managers\image.php on line 113
[16-Feb-2025 02:20:49 UTC] PHP Warning:  Trying to access array offset on value of type bool in C:\Users\micha\Local Sites\salem-events-hub-discover-local-happenings\app\public\wp-content\plugins\elementor\includes\managers\image.php on line 113
[16-Feb-2025 02:20:49 UTC] PHP Warning:  Trying to access array offset on value of type bool in C:\Users\micha\Local Sites\salem-events-hub-discover-local-happenings\app\public\wp-content\plugins\elementor\includes\managers\image.php on line 113
[16-Feb-2025 02:20:49 UTC] PHP Warning:  Trying to access array offset on value of type bool in C:\Users\micha\Local Sites\salem-events-hub-discover-local-happenings\app\public\wp-content\plugins\elementor\includes\managers\image.php on line 113
[16-Feb-2025 02:20:49 UTC] PHP Warning:  Trying to access array offset on value of type bool in C:\Users\micha\Local Sites\salem-events-hub-discover-local-happenings\app\public\wp-content\plugins\elementor\includes\managers\image.php on line 113
[16-Feb-2025 02:21:33 UTC] [Image Optimizer]: info in ImageOptimization\Modules\Optimization\Classes\Optimize_Image->optimize(): Start optimization of 140
[16-Feb-2025 02:21:49 UTC] [Image Optimizer]: info in ImageOptimization\Modules\Optimization\Classes\Optimize_Image->optimize(): End optimization of 140
[19-Feb-2025 02:00:07 UTC] PHP Warning:  Attempt to read property "title" on null in C:\Users\micha\Local Sites\salem-events-hub-discover-local-happenings\app\public\wp-includes\class-wp-customize-widgets.php on line 923
[20-Feb-2025 19:01:05 UTC] PHP Warning:  Undefined array key "editor_post_id" in C:\Users\micha\Local Sites\salem-events-hub-discover-local-happenings\app\public\wp-content\plugins\elementor-pro\modules\theme-builder\classes\conditions-manager.php on line 182
[20-Feb-2025 19:10:44 UTC] [Image Optimizer]: info in ImageOptimization\Modules\Optimization\Classes\Optimize_Image->optimize(): Start optimization of 187
[20-Feb-2025 19:10:55 UTC] [Image Optimizer]: info in ImageOptimization\Modules\Optimization\Classes\Optimize_Image->optimize(): End optimization of 187
[20-Feb-2025 19:11:04 UTC] [Image Optimizer]: info in ImageOptimization\Modules\Optimization\Classes\Optimize_Image->optimize(): Start optimization of 188
[20-Feb-2025 19:11:19 UTC] [Image Optimizer]: info in ImageOptimization\Modules\Optimization\Classes\Optimize_Image->optimize(): End optimization of 188
[20-Feb-2025 19:15:10 UTC] PHP Warning:  Undefined array key "mega-menu" in C:\Users\micha\Local Sites\salem-events-hub-discover-local-happenings\app\public\wp-content\plugins\elementor\modules\ai\connect\ai.php on line 776
[20-Feb-2025 19:15:10 UTC] PHP Warning:  Undefined array key "mega-menu" in C:\Users\micha\Local Sites\salem-events-hub-discover-local-happenings\app\public\wp-content\plugins\elementor\modules\ai\connect\ai.php on line 776
[20-Feb-2025 19:15:20 UTC] PHP Warning:  Undefined array key "mega-menu" in C:\Users\micha\Local Sites\salem-events-hub-discover-local-happenings\app\public\wp-content\plugins\elementor\modules\ai\connect\ai.php on line 776
[20-Feb-2025 19:17:25 UTC] PHP Warning:  Undefined array key "mega-menu" in C:\Users\micha\Local Sites\salem-events-hub-discover-local-happenings\app\public\wp-content\plugins\elementor\modules\ai\connect\ai.php on line 776
[20-Feb-2025 19:17:25 UTC] PHP Warning:  Undefined array key "mega-menu" in C:\Users\micha\Local Sites\salem-events-hub-discover-local-happenings\app\public\wp-content\plugins\elementor\modules\ai\connect\ai.php on line 776
[20-Feb-2025 19:17:35 UTC] PHP Warning:  Trying to access array offset on value of type bool in C:\Users\micha\Local Sites\salem-events-hub-discover-local-happenings\app\public\wp-content\plugins\elementor\includes\managers\image.php on line 113
[20-Feb-2025 19:17:35 UTC] PHP Warning:  Trying to access array offset on value of type bool in C:\Users\micha\Local Sites\salem-events-hub-discover-local-happenings\app\public\wp-content\plugins\elementor\includes\managers\image.php on line 113
[20-Feb-2025 19:17:35 UTC] PHP Warning:  Trying to access array offset on value of type bool in C:\Users\micha\Local Sites\salem-events-hub-discover-local-happenings\app\public\wp-content\plugins\elementor\includes\managers\image.php on line 113
[20-Feb-2025 19:17:35 UTC] PHP Warning:  Trying to access array offset on value of type bool in C:\Users\micha\Local Sites\salem-events-hub-discover-local-happenings\app\public\wp-content\plugins\elementor\includes\managers\image.php on line 113
[20-Feb-2025 19:17:35 UTC] PHP Warning:  Trying to access array offset on value of type bool in C:\Users\micha\Local Sites\salem-events-hub-discover-local-happenings\app\public\wp-content\plugins\elementor\includes\managers\image.php on line 113
[20-Feb-2025 19:17:35 UTC] PHP Warning:  Trying to access array offset on value of type bool in C:\Users\micha\Local Sites\salem-events-hub-discover-local-happenings\app\public\wp-content\plugins\elementor\includes\managers\image.php on line 113
[20-Feb-2025 19:17:35 UTC] PHP Warning:  Trying to access array offset on value of type bool in C:\Users\micha\Local Sites\salem-events-hub-discover-local-happenings\app\public\wp-content\plugins\elementor\includes\managers\image.php on line 113
[20-Feb-2025 19:17:35 UTC] PHP Warning:  Trying to access array offset on value of type bool in C:\Users\micha\Local Sites\salem-events-hub-discover-local-happenings\app\public\wp-content\plugins\elementor\includes\managers\image.php on line 113
[20-Feb-2025 19:17:36 UTC] PHP Warning:  Undefined array key "mega-menu" in C:\Users\micha\Local Sites\salem-events-hub-discover-local-happenings\app\public\wp-content\plugins\elementor\modules\ai\connect\ai.php on line 776
[20-Feb-2025 19:17:47 UTC] PHP Warning:  Trying to access array offset on value of type bool in C:\Users\micha\Local Sites\salem-events-hub-discover-local-happenings\app\public\wp-content\plugins\elementor\includes\managers\image.php on line 113
[20-Feb-2025 19:17:47 UTC] PHP Warning:  Trying to access array offset on value of type bool in C:\Users\micha\Local Sites\salem-events-hub-discover-local-happenings\app\public\wp-content\plugins\elementor\includes\managers\image.php on line 113
[20-Feb-2025 19:17:47 UTC] PHP Warning:  Trying to access array offset on value of type bool in C:\Users\micha\Local Sites\salem-events-hub-discover-local-happenings\app\public\wp-content\plugins\elementor\includes\managers\image.php on line 113
[20-Feb-2025 19:17:47 UTC] PHP Warning:  Trying to access array offset on value of type bool in C:\Users\micha\Local Sites\salem-events-hub-discover-local-happenings\app\public\wp-content\plugins\elementor\includes\managers\image.php on line 113
[20-Feb-2025 19:17:47 UTC] PHP Warning:  Trying to access array offset on value of type bool in C:\Users\micha\Local Sites\salem-events-hub-discover-local-happenings\app\public\wp-content\plugins\elementor\includes\managers\image.php on line 113
[20-Feb-2025 19:17:47 UTC] PHP Warning:  Trying to access array offset on value of type bool in C:\Users\micha\Local Sites\salem-events-hub-discover-local-happenings\app\public\wp-content\plugins\elementor\includes\managers\image.php on line 113
[20-Feb-2025 19:17:47 UTC] PHP Warning:  Trying to access array offset on value of type bool in C:\Users\micha\Local Sites\salem-events-hub-discover-local-happenings\app\public\wp-content\plugins\elementor\includes\managers\image.php on line 113
[20-Feb-2025 19:17:47 UTC] PHP Warning:  Trying to access array offset on value of type bool in C:\Users\micha\Local Sites\salem-events-hub-discover-local-happenings\app\public\wp-content\plugins\elementor\includes\managers\image.php on line 113
[20-Feb-2025 19:17:50 UTC] PHP Warning:  Trying to access array offset on value of type bool in C:\Users\micha\Local Sites\salem-events-hub-discover-local-happenings\app\public\wp-content\plugins\elementor\includes\managers\image.php on line 113
[20-Feb-2025 19:18:40 UTC] PHP Warning:  Trying to access array offset on value of type bool in C:\Users\micha\Local Sites\salem-events-hub-discover-local-happenings\app\public\wp-content\plugins\elementor\includes\managers\image.php on line 113
[20-Feb-2025 19:19:44 UTC] PHP Warning:  Trying to access array offset on value of type bool in C:\Users\micha\Local Sites\salem-events-hub-discover-local-happenings\app\public\wp-content\plugins\elementor\includes\managers\image.php on line 113
[20-Feb-2025 19:23:20 UTC] PHP Warning:  Trying to access array offset on value of type bool in C:\Users\micha\Local Sites\salem-events-hub-discover-local-happenings\app\public\wp-content\plugins\elementor\includes\managers\image.php on line 113
[20-Feb-2025 19:24:07 UTC] PHP Warning:  Trying to access array offset on value of type bool in C:\Users\micha\Local Sites\salem-events-hub-discover-local-happenings\app\public\wp-content\plugins\elementor\includes\managers\image.php on line 113
[20-Feb-2025 19:24:40 UTC] PHP Warning:  Trying to access array offset on value of type bool in C:\Users\micha\Local Sites\salem-events-hub-discover-local-happenings\app\public\wp-content\plugins\elementor\includes\managers\image.php on line 113
[20-Feb-2025 19:25:28 UTC] PHP Warning:  Trying to access array offset on value of type bool in C:\Users\micha\Local Sites\salem-events-hub-discover-local-happenings\app\public\wp-content\plugins\elementor\includes\managers\image.php on line 113
[20-Feb-2025 19:25:44 UTC] PHP Warning:  Trying to access array offset on value of type bool in C:\Users\micha\Local Sites\salem-events-hub-discover-local-happenings\app\public\wp-content\plugins\elementor\includes\managers\image.php on line 113
[20-Feb-2025 19:25:58 UTC] PHP Warning:  Trying to access array offset on value of type bool in C:\Users\micha\Local Sites\salem-events-hub-discover-local-happenings\app\public\wp-content\plugins\elementor\includes\managers\image.php on line 113
[20-Feb-2025 19:33:29 UTC] [Image Optimizer]: info in ImageOptimization\Modules\Optimization\Classes\Optimize_Image->optimize(): Start optimization of 194
[20-Feb-2025 19:33:55 UTC] [Image Optimizer]: info in ImageOptimization\Modules\Optimization\Classes\Optimize_Image->optimize(): End optimization of 194
[20-Feb-2025 19:34:01 UTC] [Image Optimizer]: info in ImageOptimization\Modules\Optimization\Classes\Optimize_Image->optimize(): Start optimization of 195
[20-Feb-2025 19:34:21 UTC] [Image Optimizer]: info in ImageOptimization\Modules\Optimization\Classes\Optimize_Image->optimize(): End optimization of 195
[20-Feb-2025 19:34:32 UTC] [Image Optimizer]: info in ImageOptimization\Modules\Optimization\Classes\Optimize_Image->optimize(): Start optimization of 196
[20-Feb-2025 19:34:35 UTC] [Image Optimizer]: info in ImageOptimization\Modules\Optimization\Classes\Optimize_Image->optimize(): End optimization of 196
[20-Feb-2025 19:34:35 UTC] [Image Optimizer]: info in ImageOptimization\Modules\Optimization\Classes\Optimize_Image->optimize(): Start optimization of 197
[20-Feb-2025 19:34:39 UTC] [Image Optimizer]: info in ImageOptimization\Modules\Optimization\Classes\Optimize_Image->optimize(): End optimization of 197
[21-Feb-2025 04:16:57 UTC] PHP Warning:  Trying to access array offset on value of type bool in C:\Users\micha\Local Sites\salem-events-hub-discover-local-happenings\app\public\wp-content\plugins\elementor\includes\managers\image.php on line 113
[21-Feb-2025 04:16:57 UTC] PHP Warning:  Trying to access array offset on value of type bool in C:\Users\micha\Local Sites\salem-events-hub-discover-local-happenings\app\public\wp-content\plugins\elementor\includes\managers\image.php on line 113
[21-Feb-2025 04:16:57 UTC] PHP Warning:  Trying to access array offset on value of type bool in C:\Users\micha\Local Sites\salem-events-hub-discover-local-happenings\app\public\wp-content\plugins\elementor\includes\managers\image.php on line 113
[21-Feb-2025 04:16:57 UTC] PHP Warning:  Trying to access array offset on value of type bool in C:\Users\micha\Local Sites\salem-events-hub-discover-local-happenings\app\public\wp-content\plugins\elementor\includes\managers\image.php on line 113
[21-Feb-2025 04:16:57 UTC] PHP Warning:  Trying to access array offset on value of type bool in C:\Users\micha\Local Sites\salem-events-hub-discover-local-happenings\app\public\wp-content\plugins\elementor\includes\managers\image.php on line 113
[21-Feb-2025 04:16:57 UTC] PHP Warning:  Trying to access array offset on value of type bool in C:\Users\micha\Local Sites\salem-events-hub-discover-local-happenings\app\public\wp-content\plugins\elementor\includes\managers\image.php on line 113
[21-Feb-2025 04:16:57 UTC] PHP Warning:  Trying to access array offset on value of type bool in C:\Users\micha\Local Sites\salem-events-hub-discover-local-happenings\app\public\wp-content\plugins\elementor\includes\managers\image.php on line 113
[21-Feb-2025 04:16:57 UTC] PHP Warning:  Trying to access array offset on value of type bool in C:\Users\micha\Local Sites\salem-events-hub-discover-local-happenings\app\public\wp-content\plugins\elementor\includes\managers\image.php on line 113
[21-Feb-2025 04:31:07 UTC] PHP Warning:  Trying to access array offset on value of type bool in C:\Users\micha\Local Sites\salem-events-hub-discover-local-happenings\app\public\wp-content\plugins\elementor\includes\managers\image.php on line 113
[21-Feb-2025 04:31:07 UTC] PHP Warning:  Trying to access array offset on value of type bool in C:\Users\micha\Local Sites\salem-events-hub-discover-local-happenings\app\public\wp-content\plugins\elementor\includes\managers\image.php on line 113
[21-Feb-2025 04:31:07 UTC] PHP Warning:  Trying to access array offset on value of type bool in C:\Users\micha\Local Sites\salem-events-hub-discover-local-happenings\app\public\wp-content\plugins\elementor\includes\managers\image.php on line 113
[21-Feb-2025 04:31:07 UTC] PHP Warning:  Trying to access array offset on value of type bool in C:\Users\micha\Local Sites\salem-events-hub-discover-local-happenings\app\public\wp-content\plugins\elementor\includes\managers\image.php on line 113
[21-Feb-2025 04:31:07 UTC] PHP Warning:  Trying to access array offset on value of type bool in C:\Users\micha\Local Sites\salem-events-hub-discover-local-happenings\app\public\wp-content\plugins\elementor\includes\managers\image.php on line 113
[21-Feb-2025 04:31:07 UTC] PHP Warning:  Trying to access array offset on value of type bool in C:\Users\micha\Local Sites\salem-events-hub-discover-local-happenings\app\public\wp-content\plugins\elementor\includes\managers\image.php on line 113
[21-Feb-2025 04:31:07 UTC] PHP Warning:  Trying to access array offset on value of type bool in C:\Users\micha\Local Sites\salem-events-hub-discover-local-happenings\app\public\wp-content\plugins\elementor\includes\managers\image.php on line 113
[21-Feb-2025 04:31:07 UTC] PHP Warning:  Trying to access array offset on value of type bool in C:\Users\micha\Local Sites\salem-events-hub-discover-local-happenings\app\public\wp-content\plugins\elementor\includes\managers\image.php on line 113
[21-Feb-2025 05:13:53 UTC] [Image Optimizer]: info in ImageOptimization\Modules\Optimization\Classes\Optimize_Image->optimize(): Start optimization of 255
[21-Feb-2025 05:13:56 UTC] [Image Optimizer]: error in ImageOptimization\Modules\ConnectManager\Components\Connect->get_connect_status(): Status check error. Reason: Token Auth Guard Request Failed!: Invalid Token
[21-Feb-2025 05:14:00 UTC] [Image Optimizer]: info in ImageOptimization\Modules\Optimization\Classes\Optimize_Image->optimize(): End optimization of 255
[21-Feb-2025 05:26:21 UTC] [Image Optimizer]: info in ImageOptimization\Modules\Optimization\Classes\Optimize_Image->optimize(): Start optimization of 259
[21-Feb-2025 05:26:24 UTC] [Image Optimizer]: error in ImageOptimization\Modules\Optimization\Components\Upload_Optimization->optimize_image_on_upload(): Optimization error. Reason: Optimized image failed
[21-Feb-2025 05:26:24 UTC] [Image Optimizer]: info in ImageOptimization\Modules\Optimization\Classes\Optimize_Image->optimize(): Start optimization of 260
[21-Feb-2025 05:26:32 UTC] [Image Optimizer]: info in ImageOptimization\Modules\Optimization\Classes\Optimize_Image->optimize(): End optimization of 260
[21-Feb-2025 05:26:32 UTC] [Image Optimizer]: info in ImageOptimization\Modules\Optimization\Classes\Optimize_Image->optimize(): Start optimization of 261
[21-Feb-2025 05:26:40 UTC] [Image Optimizer]: info in ImageOptimization\Modules\Optimization\Classes\Optimize_Image->optimize(): End optimization of 261
[21-Feb-2025 05:30:42 UTC] [Image Optimizer]: info in ImageOptimization\Modules\Optimization\Classes\Optimize_Image->optimize(): Start optimization of 263
[21-Feb-2025 05:30:49 UTC] [Image Optimizer]: info in ImageOptimization\Modules\Optimization\Classes\Optimize_Image->optimize(): End optimization of 263
[21-Feb-2025 05:42:01 UTC] [Image Optimizer]: info in ImageOptimization\Modules\Optimization\Classes\Optimize_Image->optimize(): Start optimization of 275
[21-Feb-2025 05:42:16 UTC] [Image Optimizer]: info in ImageOptimization\Modules\Optimization\Classes\Optimize_Image->optimize(): End optimization of 275
[21-Feb-2025 15:25:00 UTC] Cron reschedule event error for hook: action_scheduler_run_queue, Error code: could_not_set, Error message: The cron event list could not be saved., Data: {"schedule":"every_minute","args":["WP Cron"],"interval":60}
[21-Feb-2025 15:25:00 UTC] Cron reschedule event error for hook: wp_privacy_delete_old_export_files, Error code: could_not_set, Error message: The cron event list could not be saved., Data: {"schedule":"hourly","args":[],"interval":3600}
[21-Feb-2025 15:35:30 UTC] [Image Optimizer]: info in ImageOptimization\Modules\Optimization\Classes\Optimize_Image->optimize(): Start optimization of 287
[21-Feb-2025 15:35:48 UTC] [Image Optimizer]: info in ImageOptimization\Modules\Optimization\Classes\Optimize_Image->optimize(): End optimization of 287
[21-Feb-2025 15:35:54 UTC] [Image Optimizer]: info in ImageOptimization\Modules\Optimization\Classes\Optimize_Image->optimize(): Start optimization of 288
[21-Feb-2025 15:36:11 UTC] [Image Optimizer]: info in ImageOptimization\Modules\Optimization\Classes\Optimize_Image->optimize(): End optimization of 288
[21-Feb-2025 15:36:19 UTC] [Image Optimizer]: info in ImageOptimization\Modules\Optimization\Classes\Optimize_Image->optimize(): Start optimization of 289
[21-Feb-2025 15:36:34 UTC] [Image Optimizer]: info in ImageOptimization\Modules\Optimization\Classes\Optimize_Image->optimize(): End optimization of 289
[21-Feb-2025 16:26:13 UTC] PHP Warning:  Trying to access array offset on value of type bool in C:\Users\micha\Local Sites\salem-events-hub-discover-local-happenings\app\public\wp-content\plugins\elementor\includes\managers\image.php on line 113
[21-Feb-2025 16:26:13 UTC] PHP Warning:  Trying to access array offset on value of type bool in C:\Users\micha\Local Sites\salem-events-hub-discover-local-happenings\app\public\wp-content\plugins\elementor\includes\managers\image.php on line 113
[21-Feb-2025 16:26:13 UTC] PHP Warning:  Trying to access array offset on value of type bool in C:\Users\micha\Local Sites\salem-events-hub-discover-local-happenings\app\public\wp-content\plugins\elementor\includes\managers\image.php on line 113
[21-Feb-2025 16:26:13 UTC] PHP Warning:  Trying to access array offset on value of type bool in C:\Users\micha\Local Sites\salem-events-hub-discover-local-happenings\app\public\wp-content\plugins\elementor\includes\managers\image.php on line 113
[21-Feb-2025 16:26:13 UTC] PHP Warning:  Trying to access array offset on value of type bool in C:\Users\micha\Local Sites\salem-events-hub-discover-local-happenings\app\public\wp-content\plugins\elementor\includes\managers\image.php on line 113
[21-Feb-2025 16:26:13 UTC] PHP Warning:  Trying to access array offset on value of type bool in C:\Users\micha\Local Sites\salem-events-hub-discover-local-happenings\app\public\wp-content\plugins\elementor\includes\managers\image.php on line 113
[21-Feb-2025 16:26:13 UTC] PHP Warning:  Trying to access array offset on value of type bool in C:\Users\micha\Local Sites\salem-events-hub-discover-local-happenings\app\public\wp-content\plugins\elementor\includes\managers\image.php on line 113
[21-Feb-2025 16:26:13 UTC] PHP Warning:  Trying to access array offset on value of type bool in C:\Users\micha\Local Sites\salem-events-hub-discover-local-happenings\app\public\wp-content\plugins\elementor\includes\managers\image.php on line 113
[21-Feb-2025 17:26:08 UTC] Cron reschedule event error for hook: shopmagic/core/cron/two_minutes, Error code: invalid_schedule, Error message: Event schedule does not exist., Data: {"schedule":"shopmagic\/core\/cron\/two_minutes","args":[],"interval":120}
[21-Feb-2025 17:26:08 UTC] Cron reschedule event error for hook: shopmagic/core/cron/one_minute, Error code: invalid_schedule, Error message: Event schedule does not exist., Data: {"schedule":"shopmagic\/core\/cron\/one_minute","args":[],"interval":60}
[21-Feb-2025 17:28:09 UTC] Cron reschedule event error for hook: shopmagic/core/cron/five_minutes, Error code: invalid_schedule, Error message: Event schedule does not exist., Data: {"schedule":"shopmagic\/core\/cron\/five_minutes","args":[],"interval":300}
[21-Feb-2025 17:31:36 UTC] Cron reschedule event error for hook: shopmagic/core/cron/fifteen_minutes, Error code: invalid_schedule, Error message: Event schedule does not exist., Data: {"schedule":"shopmagic\/core\/cron\/fifteen_minutes","args":[],"interval":900}
[21-Feb-2025 18:28:48 UTC] [Image Optimizer]: info in ImageOptimization\Modules\Optimization\Classes\Optimize_Image->optimize(): Start optimization of 320
[21-Feb-2025 18:29:12 UTC] [Image Optimizer]: info in ImageOptimization\Modules\Optimization\Classes\Optimize_Image->optimize(): End optimization of 320
[21-Feb-2025 18:56:17 UTC] PHP Warning:  Trying to access array offset on value of type bool in C:\Users\micha\Local Sites\salem-events-hub-discover-local-happenings\app\public\wp-content\plugins\elementor\includes\managers\image.php on line 113
[21-Feb-2025 18:56:17 UTC] PHP Warning:  Trying to access array offset on value of type bool in C:\Users\micha\Local Sites\salem-events-hub-discover-local-happenings\app\public\wp-content\plugins\elementor\includes\managers\image.php on line 113
[21-Feb-2025 18:56:17 UTC] PHP Warning:  Trying to access array offset on value of type bool in C:\Users\micha\Local Sites\salem-events-hub-discover-local-happenings\app\public\wp-content\plugins\elementor\includes\managers\image.php on line 113
[21-Feb-2025 18:56:17 UTC] PHP Warning:  Trying to access array offset on value of type bool in C:\Users\micha\Local Sites\salem-events-hub-discover-local-happenings\app\public\wp-content\plugins\elementor\includes\managers\image.php on line 113
[21-Feb-2025 18:56:17 UTC] PHP Warning:  Trying to access array offset on value of type bool in C:\Users\micha\Local Sites\salem-events-hub-discover-local-happenings\app\public\wp-content\plugins\elementor\includes\managers\image.php on line 113
[21-Feb-2025 18:56:17 UTC] PHP Warning:  Trying to access array offset on value of type bool in C:\Users\micha\Local Sites\salem-events-hub-discover-local-happenings\app\public\wp-content\plugins\elementor\includes\managers\image.php on line 113
[21-Feb-2025 18:56:17 UTC] PHP Warning:  Trying to access array offset on value of type bool in C:\Users\micha\Local Sites\salem-events-hub-discover-local-happenings\app\public\wp-content\plugins\elementor\includes\managers\image.php on line 113
[21-Feb-2025 18:56:17 UTC] PHP Warning:  Trying to access array offset on value of type bool in C:\Users\micha\Local Sites\salem-events-hub-discover-local-happenings\app\public\wp-content\plugins\elementor\includes\managers\image.php on line 113
[21-Feb-2025 19:06:17 UTC] PHP Warning:  Attempt to read property "title" on null in C:\Users\micha\Local Sites\salem-events-hub-discover-local-happenings\app\public\wp-includes\class-wp-customize-widgets.php on line 923
[21-Feb-2025 19:20:15 UTC] Cron reschedule event error for hook: shopmagic/core/cron/two_minutes, Error code: invalid_schedule, Error message: Event schedule does not exist., Data: {"schedule":"shopmagic\/core\/cron\/two_minutes","args":[],"interval":120}
[21-Feb-2025 19:20:15 UTC] Cron reschedule event error for hook: shopmagic/core/cron/one_minute, Error code: invalid_schedule, Error message: Event schedule does not exist., Data: {"schedule":"shopmagic\/core\/cron\/one_minute","args":[],"interval":60}
[21-Feb-2025 19:20:15 UTC] Cron reschedule event error for hook: shopmagic/core/cron/hourly, Error code: invalid_schedule, Error message: Event schedule does not exist., Data: {"schedule":"shopmagic\/core\/cron\/hourly","args":[],"interval":3600}
[21-Feb-2025 19:20:15 UTC] Cron reschedule event error for hook: shopmagic/core/cron/thirty_minutes, Error code: invalid_schedule, Error message: Event schedule does not exist., Data: {"schedule":"shopmagic\/core\/cron\/thirty_minutes","args":[],"interval":1800}
[21-Feb-2025 19:20:15 UTC] Cron reschedule event error for hook: shopmagic/core/cron/fifteen_minutes, Error code: invalid_schedule, Error message: Event schedule does not exist., Data: {"schedule":"shopmagic\/core\/cron\/fifteen_minutes","args":[],"interval":900}
[21-Feb-2025 19:20:15 UTC] Cron reschedule event error for hook: shopmagic/core/cron/five_minutes, Error code: invalid_schedule, Error message: Event schedule does not exist., Data: {"schedule":"shopmagic\/core\/cron\/five_minutes","args":[],"interval":300}
[23-Feb-2025 02:15:31 UTC] Cron reschedule event error for hook: shopmagic/core/cron/four_hours, Error code: invalid_schedule, Error message: Event schedule does not exist., Data: {"schedule":"shopmagic\/core\/cron\/four_hours","args":[],"interval":14400}
[23-Feb-2025 02:15:49 UTC] Cron reschedule event error for hook: shopmagic/core/cron/daily, Error code: invalid_schedule, Error message: Event schedule does not exist., Data: {"schedule":"shopmagic\/core\/cron\/daily","args":[],"interval":86400}
[23-Feb-2025 02:36:23 UTC] [Image Optimizer]: info in ImageOptimization\Modules\Optimization\Classes\Optimize_Image->optimize(): Start optimization of 358
[23-Feb-2025 02:36:29 UTC] [Image Optimizer]: error in ImageOptimization\Modules\Optimization\Components\Upload_Optimization->optimize_image_on_upload(): Optimization error. Reason: Optimized image failed
[23-Feb-2025 03:25:32 UTC] [Image Optimizer]: info in ImageOptimization\Modules\Optimization\Classes\Optimize_Image->optimize(): Start optimization of 369
[23-Feb-2025 03:25:48 UTC] [Image Optimizer]: info in ImageOptimization\Modules\Optimization\Classes\Optimize_Image->optimize(): End optimization of 369
[23-Feb-2025 04:07:27 UTC] [Image Optimizer]: info in ImageOptimization\Modules\Optimization\Classes\Optimize_Image->optimize(): Start optimization of 386
[23-Feb-2025 04:07:42 UTC] [Image Optimizer]: info in ImageOptimization\Modules\Optimization\Classes\Optimize_Image->optimize(): End optimization of 386
[24-Feb-2025 01:57:40 UTC] Cron reschedule event error for hook: shopmagic/core/cron/two_days, Error code: invalid_schedule, Error message: Event schedule does not exist., Data: {"schedule":"shopmagic\/core\/cron\/two_days","args":[],"interval":172800}
[24-Feb-2025 02:33:00 UTC] PHP Warning:  Attempt to read property "title" on null in C:\Users\micha\Local Sites\salem-events-hub-discover-local-happenings\app\public\wp-includes\class-wp-customize-widgets.php on line 923
[24-Feb-2025 02:40:16 UTC] [Image Optimizer]: error in ImageOptimization\Modules\ConnectManager\Components\Connect->get_connect_status(): Status check error. Reason: Token Auth Guard Request Failed!: Invalid Token
[24-Feb-2025 02:40:16 UTC] [Image Optimizer]: error in ImageOptimization\Modules\ConnectManager\Components\Connect->get_connect_status(): Status check error. Reason: Token Auth Guard Request Failed!: Invalid Token
[24-Feb-2025 02:41:25 UTC] [Image Optimizer]: info in ImageOptimization\Modules\Optimization\Classes\Optimize_Image->optimize(): Start optimization of 422
[24-Feb-2025 02:41:34 UTC] [Image Optimizer]: info in ImageOptimization\Modules\Optimization\Classes\Optimize_Image->optimize(): End optimization of 422
[24-Feb-2025 02:42:04 UTC] [Image Optimizer]: info in ImageOptimization\Modules\Optimization\Classes\Optimize_Image->optimize(): Start optimization of 423
[24-Feb-2025 02:42:14 UTC] [Image Optimizer]: info in ImageOptimization\Modules\Optimization\Classes\Optimize_Image->optimize(): End optimization of 423
[24-Feb-2025 03:00:06 UTC] [Image Optimizer]: info in ImageOptimization\Modules\Optimization\Classes\Optimize_Image->optimize(): Start optimization of 424
[24-Feb-2025 20:12:49 UTC] PHP Warning:  Undefined array key "editor_post_id" in C:\Users\micha\Local Sites\salem-events-hub-discover-local-happenings\app\public\wp-content\plugins\elementor\modules\history\revisions-manager.php on line 363
[25-Feb-2025 03:33:36 UTC] PHP Warning:  Undefined array key "editor_post_id" in C:\Users\micha\Local Sites\salem-events-hub-discover-local-happenings\app\public\wp-content\plugins\elementor\modules\history\revisions-manager.php on line 363
[25-Feb-2025 03:35:51 UTC] PHP Warning:  Undefined array key "mega-menu" in C:\Users\micha\Local Sites\salem-events-hub-discover-local-happenings\app\public\wp-content\plugins\elementor\modules\ai\connect\ai.php on line 776
[25-Feb-2025 03:35:51 UTC] PHP Warning:  Undefined array key "mega-menu" in C:\Users\micha\Local Sites\salem-events-hub-discover-local-happenings\app\public\wp-content\plugins\elementor\modules\ai\connect\ai.php on line 776
[25-Feb-2025 03:36:00 UTC] PHP Warning:  Undefined array key "mega-menu" in C:\Users\micha\Local Sites\salem-events-hub-discover-local-happenings\app\public\wp-content\plugins\elementor\modules\ai\connect\ai.php on line 776
[25-Feb-2025 03:36:01 UTC] PHP Warning:  Trying to access array offset on value of type bool in C:\Users\micha\Local Sites\salem-events-hub-discover-local-happenings\app\public\wp-content\plugins\elementor\includes\managers\image.php on line 113
[25-Feb-2025 03:36:01 UTC] PHP Warning:  Trying to access array offset on value of type bool in C:\Users\micha\Local Sites\salem-events-hub-discover-local-happenings\app\public\wp-content\plugins\elementor\includes\managers\image.php on line 113
[25-Feb-2025 03:36:01 UTC] PHP Warning:  Trying to access array offset on value of type bool in C:\Users\micha\Local Sites\salem-events-hub-discover-local-happenings\app\public\wp-content\plugins\elementor\includes\managers\image.php on line 113
[25-Feb-2025 03:36:01 UTC] PHP Warning:  Trying to access array offset on value of type bool in C:\Users\micha\Local Sites\salem-events-hub-discover-local-happenings\app\public\wp-content\plugins\elementor\includes\managers\image.php on line 113
[25-Feb-2025 03:36:01 UTC] PHP Warning:  Trying to access array offset on value of type bool in C:\Users\micha\Local Sites\salem-events-hub-discover-local-happenings\app\public\wp-content\plugins\elementor\includes\managers\image.php on line 113
[25-Feb-2025 03:36:01 UTC] PHP Warning:  Trying to access array offset on value of type bool in C:\Users\micha\Local Sites\salem-events-hub-discover-local-happenings\app\public\wp-content\plugins\elementor\includes\managers\image.php on line 113
[25-Feb-2025 03:36:01 UTC] PHP Warning:  Trying to access array offset on value of type bool in C:\Users\micha\Local Sites\salem-events-hub-discover-local-happenings\app\public\wp-content\plugins\elementor\includes\managers\image.php on line 113
[25-Feb-2025 03:36:01 UTC] PHP Warning:  Trying to access array offset on value of type bool in C:\Users\micha\Local Sites\salem-events-hub-discover-local-happenings\app\public\wp-content\plugins\elementor\includes\managers\image.php on line 113
[25-Feb-2025 03:36:01 UTC] PHP Warning:  Trying to access array offset on value of type bool in C:\Users\micha\Local Sites\salem-events-hub-discover-local-happenings\app\public\wp-content\plugins\elementor\includes\managers\image.php on line 113
[25-Feb-2025 03:36:01 UTC] PHP Warning:  Trying to access array offset on value of type bool in C:\Users\micha\Local Sites\salem-events-hub-discover-local-happenings\app\public\wp-content\plugins\elementor\includes\managers\image.php on line 113
[25-Feb-2025 03:36:01 UTC] PHP Warning:  Trying to access array offset on value of type bool in C:\Users\micha\Local Sites\salem-events-hub-discover-local-happenings\app\public\wp-content\plugins\elementor\includes\managers\image.php on line 113
[25-Feb-2025 03:36:01 UTC] PHP Warning:  Trying to access array offset on value of type bool in C:\Users\micha\Local Sites\salem-events-hub-discover-local-happenings\app\public\wp-content\plugins\elementor\includes\managers\image.php on line 113
[25-Feb-2025 03:36:01 UTC] PHP Warning:  Trying to access array offset on value of type bool in C:\Users\micha\Local Sites\salem-events-hub-discover-local-happenings\app\public\wp-content\plugins\elementor\includes\managers\image.php on line 113
[25-Feb-2025 03:36:01 UTC] PHP Warning:  Trying to access array offset on value of type bool in C:\Users\micha\Local Sites\salem-events-hub-discover-local-happenings\app\public\wp-content\plugins\elementor\includes\managers\image.php on line 113
[25-Feb-2025 03:36:01 UTC] PHP Warning:  Trying to access array offset on value of type bool in C:\Users\micha\Local Sites\salem-events-hub-discover-local-happenings\app\public\wp-content\plugins\elementor\includes\managers\image.php on line 113
[25-Feb-2025 03:36:01 UTC] PHP Warning:  Trying to access array offset on value of type bool in C:\Users\micha\Local Sites\salem-events-hub-discover-local-happenings\app\public\wp-content\plugins\elementor\includes\managers\image.php on line 113
[25-Feb-2025 03:36:11 UTC] PHP Warning:  Trying to access array offset on value of type bool in C:\Users\micha\Local Sites\salem-events-hub-discover-local-happenings\app\public\wp-content\plugins\elementor\includes\managers\image.php on line 113
[25-Feb-2025 03:36:11 UTC] PHP Warning:  Trying to access array offset on value of type bool in C:\Users\micha\Local Sites\salem-events-hub-discover-local-happenings\app\public\wp-content\plugins\elementor\includes\managers\image.php on line 113
[25-Feb-2025 03:36:45 UTC] PHP Warning:  Trying to access array offset on value of type bool in C:\Users\micha\Local Sites\salem-events-hub-discover-local-happenings\app\public\wp-content\plugins\elementor\includes\managers\image.php on line 113
[25-Feb-2025 03:40:10 UTC] PHP Warning:  Undefined array key "mega-menu" in C:\Users\micha\Local Sites\salem-events-hub-discover-local-happenings\app\public\wp-content\plugins\elementor\modules\ai\connect\ai.php on line 776
[25-Feb-2025 03:40:10 UTC] PHP Warning:  Undefined array key "mega-menu" in C:\Users\micha\Local Sites\salem-events-hub-discover-local-happenings\app\public\wp-content\plugins\elementor\modules\ai\connect\ai.php on line 776
[25-Feb-2025 03:40:17 UTC] PHP Warning:  Undefined array key "mega-menu" in C:\Users\micha\Local Sites\salem-events-hub-discover-local-happenings\app\public\wp-content\plugins\elementor\modules\ai\connect\ai.php on line 776
[25-Feb-2025 03:48:17 UTC] [Image Optimizer]: info in ImageOptimization\Modules\Optimization\Classes\Optimize_Image->optimize(): Start optimization of 490
[25-Feb-2025 03:48:30 UTC] [Image Optimizer]: info in ImageOptimization\Modules\Optimization\Classes\Optimize_Image->optimize(): End optimization of 490
[25-Feb-2025 03:49:17 UTC] [Image Optimizer]: info in ImageOptimization\Modules\Optimization\Classes\Optimize_Image->optimize(): Start optimization of 491
[25-Feb-2025 03:49:25 UTC] [Image Optimizer]: info in ImageOptimization\Modules\Optimization\Classes\Optimize_Image->optimize(): End optimization of 491
[25-Feb-2025 03:49:26 UTC] [Image Optimizer]: info in ImageOptimization\Modules\Optimization\Classes\Optimize_Image->optimize(): Start optimization of 492
[25-Feb-2025 03:49:33 UTC] [Image Optimizer]: info in ImageOptimization\Modules\Optimization\Classes\Optimize_Image->optimize(): End optimization of 492
[25-Feb-2025 03:49:33 UTC] [Image Optimizer]: info in ImageOptimization\Modules\Optimization\Classes\Optimize_Image->optimize(): Start optimization of 493
[25-Feb-2025 03:49:40 UTC] [Image Optimizer]: info in ImageOptimization\Modules\Optimization\Classes\Optimize_Image->optimize(): End optimization of 493
[25-Feb-2025 04:14:34 UTC] PHP Warning:  Undefined array key "mega-menu" in C:\Users\micha\Local Sites\salem-events-hub-discover-local-happenings\app\public\wp-content\plugins\elementor\modules\ai\connect\ai.php on line 776
[25-Feb-2025 04:14:34 UTC] PHP Warning:  Undefined array key "mega-menu" in C:\Users\micha\Local Sites\salem-events-hub-discover-local-happenings\app\public\wp-content\plugins\elementor\modules\ai\connect\ai.php on line 776
[25-Feb-2025 04:14:52 UTC] PHP Warning:  Undefined array key "mega-menu" in C:\Users\micha\Local Sites\salem-events-hub-discover-local-happenings\app\public\wp-content\plugins\elementor\modules\ai\connect\ai.php on line 776
[27-Feb-2025 02:00:29 UTC] [Image Optimizer]: info in ImageOptimization\Modules\Optimization\Classes\Optimize_Image->optimize(): Start optimization of 531
[27-Feb-2025 02:00:37 UTC] [Image Optimizer]: info in ImageOptimization\Modules\Optimization\Classes\Optimize_Image->optimize(): End optimization of 531
[27-Feb-2025 03:30:14 UTC] [Image Optimizer]: info in ImageOptimization\Modules\Optimization\Classes\Optimize_Image->optimize(): Start optimization of 532
[27-Feb-2025 03:30:22 UTC] [Image Optimizer]: info in ImageOptimization\Modules\Optimization\Classes\Optimize_Image->optimize(): End optimization of 532
[27-Feb-2025 03:30:27 UTC] [Image Optimizer]: info in ImageOptimization\Modules\Optimization\Classes\Optimize_Image->optimize(): Start optimization of 533
[27-Feb-2025 03:30:32 UTC] [Image Optimizer]: info in ImageOptimization\Modules\Optimization\Classes\Optimize_Image->optimize(): End optimization of 533
[27-Feb-2025 04:01:17 UTC] [Image Optimizer]: info in ImageOptimization\Modules\Optimization\Classes\Optimize_Image->optimize(): Start optimization of 537
[27-Feb-2025 04:01:26 UTC] [Image Optimizer]: info in ImageOptimization\Modules\Optimization\Classes\Optimize_Image->optimize(): End optimization of 537
[27-Feb-2025 04:14:22 UTC] [Image Optimizer]: info in ImageOptimization\Modules\Optimization\Classes\Optimize_Image->optimize(): Start optimization of 539
[27-Feb-2025 04:14:26 UTC] [Image Optimizer]: info in ImageOptimization\Modules\Optimization\Classes\Optimize_Image->optimize(): End optimization of 539
[27-Feb-2025 04:23:31 UTC] [Image Optimizer]: info in ImageOptimization\Modules\Optimization\Classes\Optimize_Image->optimize(): Start optimization of 540
[27-Feb-2025 04:23:40 UTC] [Image Optimizer]: error in ImageOptimization\Modules\Optimization\Components\Upload_Optimization->optimize_image_on_upload(): Optimization error. Reason: Optimized image failed
[27-Feb-2025 04:23:45 UTC] [Image Optimizer]: info in ImageOptimization\Modules\Optimization\Classes\Optimize_Image->optimize(): Start optimization of 541
[27-Feb-2025 04:23:51 UTC] [Image Optimizer]: info in ImageOptimization\Modules\Optimization\Classes\Optimize_Image->optimize(): End optimization of 541
[28-Feb-2025 02:55:26 UTC] [Image Optimizer]: info in ImageOptimization\Modules\Optimization\Classes\Optimize_Image->optimize(): Start optimization of 604
[28-Feb-2025 02:55:40 UTC] [Image Optimizer]: info in ImageOptimization\Modules\Optimization\Classes\Optimize_Image->optimize(): End optimization of 604
[28-Feb-2025 02:58:09 UTC] PHP Warning:  Undefined array key "_event_type" in C:\Users\micha\Local Sites\salem-events-hub-discover-local-happenings\app\public\wp-content\plugins\wp-event-manager\admin\wp-event-manager-writepanels.php on line 1282
[28-Feb-2025 02:58:09 UTC] PHP Warning:  Undefined array key "_event_category" in C:\Users\micha\Local Sites\salem-events-hub-discover-local-happenings\app\public\wp-content\plugins\wp-event-manager\admin\wp-event-manager-writepanels.php on line 1282
[28-Feb-2025 02:59:05 UTC] PHP Warning:  Undefined array key "_event_type" in C:\Users\micha\Local Sites\salem-events-hub-discover-local-happenings\app\public\wp-content\plugins\wp-event-manager\admin\wp-event-manager-writepanels.php on line 1282
[28-Feb-2025 02:59:05 UTC] PHP Warning:  Undefined array key "_event_category" in C:\Users\micha\Local Sites\salem-events-hub-discover-local-happenings\app\public\wp-content\plugins\wp-event-manager\admin\wp-event-manager-writepanels.php on line 1282
[28-Feb-2025 03:49:02 UTC] PHP Warning:  Trying to access array offset on value of type bool in C:\Users\micha\Local Sites\salem-events-hub-discover-local-happenings\app\public\wp-content\plugins\elementor\includes\managers\image.php on line 113
[28-Feb-2025 03:49:02 UTC] PHP Warning:  Trying to access array offset on value of type bool in C:\Users\micha\Local Sites\salem-events-hub-discover-local-happenings\app\public\wp-content\plugins\elementor\includes\managers\image.php on line 113
[28-Feb-2025 03:49:02 UTC] PHP Warning:  Trying to access array offset on value of type bool in C:\Users\micha\Local Sites\salem-events-hub-discover-local-happenings\app\public\wp-content\plugins\elementor\includes\managers\image.php on line 113
[28-Feb-2025 03:49:02 UTC] PHP Warning:  Trying to access array offset on value of type bool in C:\Users\micha\Local Sites\salem-events-hub-discover-local-happenings\app\public\wp-content\plugins\elementor\includes\managers\image.php on line 113
[28-Feb-2025 03:49:02 UTC] PHP Warning:  Trying to access array offset on value of type bool in C:\Users\micha\Local Sites\salem-events-hub-discover-local-happenings\app\public\wp-content\plugins\elementor\includes\managers\image.php on line 113
[28-Feb-2025 03:49:02 UTC] PHP Warning:  Trying to access array offset on value of type bool in C:\Users\micha\Local Sites\salem-events-hub-discover-local-happenings\app\public\wp-content\plugins\elementor\includes\managers\image.php on line 113
[28-Feb-2025 03:49:02 UTC] PHP Warning:  Trying to access array offset on value of type bool in C:\Users\micha\Local Sites\salem-events-hub-discover-local-happenings\app\public\wp-content\plugins\elementor\includes\managers\image.php on line 113
[28-Feb-2025 03:49:02 UTC] PHP Warning:  Trying to access array offset on value of type bool in C:\Users\micha\Local Sites\salem-events-hub-discover-local-happenings\app\public\wp-content\plugins\elementor\includes\managers\image.php on line 113
[28-Feb-2025 03:49:53 UTC] [Image Optimizer]: info in ImageOptimization\Modules\Optimization\Classes\Optimize_Image->optimize(): Start optimization of 607
[28-Feb-2025 03:49:59 UTC] [Image Optimizer]: info in ImageOptimization\Modules\Optimization\Classes\Optimize_Image->optimize(): End optimization of 607
[28-Feb-2025 03:49:59 UTC] [Image Optimizer]: info in ImageOptimization\Modules\Optimization\Classes\Optimize_Image->optimize(): Start optimization of 608
[28-Feb-2025 03:50:07 UTC] [Image Optimizer]: info in ImageOptimization\Modules\Optimization\Classes\Optimize_Image->optimize(): End optimization of 608
[28-Feb-2025 03:50:15 UTC] [Image Optimizer]: info in ImageOptimization\Modules\Optimization\Classes\Optimize_Image->optimize(): Start optimization of 609
[28-Feb-2025 03:50:22 UTC] [Image Optimizer]: error in ImageOptimization\Modules\Optimization\Components\Upload_Optimization->optimize_image_on_upload(): Optimization error. Reason: Optimized image failed
[28-Feb-2025 03:50:58 UTC] [Image Optimizer]: info in ImageOptimization\Modules\Optimization\Classes\Optimize_Image->optimize(): Start optimization of 610
[28-Feb-2025 03:51:06 UTC] [Image Optimizer]: info in ImageOptimization\Modules\Optimization\Classes\Optimize_Image->optimize(): End optimization of 610
[28-Feb-2025 03:51:12 UTC] [Image Optimizer]: info in ImageOptimization\Modules\Optimization\Classes\Optimize_Image->optimize(): Start optimization of 611
[28-Feb-2025 03:51:20 UTC] [Image Optimizer]: info in ImageOptimization\Modules\Optimization\Classes\Optimize_Image->optimize(): End optimization of 611
[28-Feb-2025 03:52:11 UTC] [Image Optimizer]: info in ImageOptimization\Modules\Optimization\Classes\Optimize_Image->optimize(): Start optimization of 612
[28-Feb-2025 03:52:19 UTC] [Image Optimizer]: info in ImageOptimization\Modules\Optimization\Classes\Optimize_Image->optimize(): End optimization of 612
[28-Feb-2025 03:53:05 UTC] [Image Optimizer]: info in ImageOptimization\Modules\Optimization\Classes\Optimize_Image->optimize(): Start optimization of 613
[28-Feb-2025 03:53:10 UTC] [Image Optimizer]: info in ImageOptimization\Modules\Optimization\Classes\Optimize_Image->optimize(): End optimization of 613
[28-Feb-2025 03:53:10 UTC] [Image Optimizer]: info in ImageOptimization\Modules\Optimization\Classes\Optimize_Image->optimize(): Start optimization of 614
[28-Feb-2025 03:53:19 UTC] [Image Optimizer]: info in ImageOptimization\Modules\Optimization\Classes\Optimize_Image->optimize(): End optimization of 614
[28-Feb-2025 03:53:46 UTC] [Image Optimizer]: info in ImageOptimization\Modules\Optimization\Classes\Optimize_Image->optimize(): Start optimization of 615
[28-Feb-2025 03:53:51 UTC] [Image Optimizer]: info in ImageOptimization\Modules\Optimization\Classes\Optimize_Image->optimize(): End optimization of 615
[28-Feb-2025 03:53:51 UTC] [Image Optimizer]: info in ImageOptimization\Modules\Optimization\Classes\Optimize_Image->optimize(): Start optimization of 616
[28-Feb-2025 03:53:59 UTC] [Image Optimizer]: info in ImageOptimization\Modules\Optimization\Classes\Optimize_Image->optimize(): End optimization of 616
[28-Feb-2025 03:54:05 UTC] [Image Optimizer]: info in ImageOptimization\Modules\Optimization\Classes\Optimize_Image->optimize(): Start optimization of 617
[28-Feb-2025 03:54:10 UTC] [Image Optimizer]: info in ImageOptimization\Modules\Optimization\Classes\Optimize_Image->optimize(): End optimization of 617
[28-Feb-2025 03:54:10 UTC] [Image Optimizer]: info in ImageOptimization\Modules\Optimization\Classes\Optimize_Image->optimize(): Start optimization of 618
[28-Feb-2025 03:54:18 UTC] [Image Optimizer]: info in ImageOptimization\Modules\Optimization\Classes\Optimize_Image->optimize(): End optimization of 618
[28-Feb-2025 03:54:24 UTC] [Image Optimizer]: info in ImageOptimization\Modules\Optimization\Classes\Optimize_Image->optimize(): Start optimization of 619
[28-Feb-2025 03:54:29 UTC] [Image Optimizer]: info in ImageOptimization\Modules\Optimization\Classes\Optimize_Image->optimize(): End optimization of 619
[28-Feb-2025 03:54:29 UTC] [Image Optimizer]: info in ImageOptimization\Modules\Optimization\Classes\Optimize_Image->optimize(): Start optimization of 620
[28-Feb-2025 03:54:37 UTC] [Image Optimizer]: info in ImageOptimization\Modules\Optimization\Classes\Optimize_Image->optimize(): End optimization of 620
[28-Feb-2025 03:54:43 UTC] [Image Optimizer]: info in ImageOptimization\Modules\Optimization\Classes\Optimize_Image->optimize(): Start optimization of 621
[28-Feb-2025 03:55:01 UTC] [Image Optimizer]: info in ImageOptimization\Modules\Optimization\Classes\Optimize_Image->optimize(): End optimization of 621
[28-Feb-2025 03:55:07 UTC] [Image Optimizer]: info in ImageOptimization\Modules\Optimization\Classes\Optimize_Image->optimize(): Start optimization of 622
[28-Feb-2025 03:55:21 UTC] [Image Optimizer]: info in ImageOptimization\Modules\Optimization\Classes\Optimize_Image->optimize(): End optimization of 622
[28-Feb-2025 03:55:26 UTC] [Image Optimizer]: info in ImageOptimization\Modules\Optimization\Classes\Optimize_Image->optimize(): Start optimization of 623
[28-Feb-2025 03:55:39 UTC] [Image Optimizer]: info in ImageOptimization\Modules\Optimization\Classes\Optimize_Image->optimize(): Start optimization of 629
[28-Feb-2025 03:55:41 UTC] [Image Optimizer]: info in ImageOptimization\Modules\Optimization\Classes\Optimize_Image->optimize(): Start optimization of 632
[28-Feb-2025 04:41:51 UTC] PHP Warning:  Undefined array key "_event_type" in C:\Users\micha\Local Sites\salem-events-hub-discover-local-happenings\app\public\wp-content\plugins\wp-event-manager\admin\wp-event-manager-writepanels.php on line 1282
[28-Feb-2025 04:41:51 UTC] PHP Warning:  Undefined array key "_event_category" in C:\Users\micha\Local Sites\salem-events-hub-discover-local-happenings\app\public\wp-content\plugins\wp-event-manager\admin\wp-event-manager-writepanels.php on line 1282
[28-Feb-2025 04:45:15 UTC] PHP Warning:  Undefined array key "_event_type" in C:\Users\micha\Local Sites\salem-events-hub-discover-local-happenings\app\public\wp-content\plugins\wp-event-manager\admin\wp-event-manager-writepanels.php on line 1282
[28-Feb-2025 04:45:15 UTC] PHP Warning:  Undefined array key "_event_category" in C:\Users\micha\Local Sites\salem-events-hub-discover-local-happenings\app\public\wp-content\plugins\wp-event-manager\admin\wp-event-manager-writepanels.php on line 1282
[28-Feb-2025 17:11:26 UTC] PHP Warning:  Undefined array key "_event_type" in C:\Users\micha\Local Sites\salem-events-hub-discover-local-happenings\app\public\wp-content\plugins\wp-event-manager\admin\wp-event-manager-writepanels.php on line 1282
[28-Feb-2025 17:11:26 UTC] PHP Warning:  Undefined array key "_event_category" in C:\Users\micha\Local Sites\salem-events-hub-discover-local-happenings\app\public\wp-content\plugins\wp-event-manager\admin\wp-event-manager-writepanels.php on line 1282
[28-Feb-2025 17:17:29 UTC] Cron reschedule event error for hook: shopmagic/core/cron/weekly, Error code: invalid_schedule, Error message: Event schedule does not exist., Data: {"schedule":"shopmagic\/core\/cron\/weekly","args":[],"interval":604800}
[28-Feb-2025 18:55:26 UTC] PHP Warning:  Attempt to read property "title" on null in C:\Users\micha\Local Sites\salem-events-hub-discover-local-happenings\app\public\wp-includes\class-wp-customize-widgets.php on line 923
[28-Feb-2025 18:55:49 UTC] PHP Warning:  Attempt to read property "title" on null in C:\Users\micha\Local Sites\salem-events-hub-discover-local-happenings\app\public\wp-includes\class-wp-customize-widgets.php on line 923
[28-Feb-2025 19:09:14 UTC] PHP Warning:  Undefined variable $post_ID in C:\Users\micha\Local Sites\salem-events-hub-discover-local-happenings\app\public\wp-content\themes\hello-elementor\functions.php on line 353
[28-Feb-2025 19:09:14 UTC] PHP Warning:  Undefined variable $post_ID in C:\Users\micha\Local Sites\salem-events-hub-discover-local-happenings\app\public\wp-content\themes\hello-elementor\functions.php on line 359
[28-Feb-2025 19:09:14 UTC] PHP Warning:  Undefined variable $post_ID in C:\Users\micha\Local Sites\salem-events-hub-discover-local-happenings\app\public\wp-content\themes\hello-elementor\functions.php on line 359
[28-Feb-2025 19:09:14 UTC] PHP Warning:  Undefined variable $post_ID in C:\Users\micha\Local Sites\salem-events-hub-discover-local-happenings\app\public\wp-content\themes\hello-elementor\functions.php on line 359
[28-Feb-2025 19:09:14 UTC] PHP Warning:  Undefined variable $post_ID in C:\Users\micha\Local Sites\salem-events-hub-discover-local-happenings\app\public\wp-content\themes\hello-elementor\functions.php on line 359
[28-Feb-2025 19:09:14 UTC] PHP Warning:  Undefined variable $post_ID in C:\Users\micha\Local Sites\salem-events-hub-discover-local-happenings\app\public\wp-content\themes\hello-elementor\functions.php on line 353
[28-Feb-2025 19:09:14 UTC] PHP Warning:  Undefined variable $post_ID in C:\Users\micha\Local Sites\salem-events-hub-discover-local-happenings\app\public\wp-content\themes\hello-elementor\functions.php on line 359
[28-Feb-2025 19:09:14 UTC] PHP Warning:  Undefined variable $post_ID in C:\Users\micha\Local Sites\salem-events-hub-discover-local-happenings\app\public\wp-content\themes\hello-elementor\functions.php on line 359
[28-Feb-2025 19:09:14 UTC] PHP Warning:  Undefined variable $post_ID in C:\Users\micha\Local Sites\salem-events-hub-discover-local-happenings\app\public\wp-content\themes\hello-elementor\functions.php on line 359
[28-Feb-2025 19:09:14 UTC] PHP Warning:  Undefined variable $post_ID in C:\Users\micha\Local Sites\salem-events-hub-discover-local-happenings\app\public\wp-content\themes\hello-elementor\functions.php on line 359
[28-Feb-2025 19:09:15 UTC] PHP Warning:  Undefined variable $post_ID in C:\Users\micha\Local Sites\salem-events-hub-discover-local-happenings\app\public\wp-content\themes\hello-elementor\functions.php on line 353
[28-Feb-2025 19:09:15 UTC] PHP Warning:  Undefined variable $post_ID in C:\Users\micha\Local Sites\salem-events-hub-discover-local-happenings\app\public\wp-content\themes\hello-elementor\functions.php on line 359
[28-Feb-2025 19:09:15 UTC] PHP Warning:  Undefined variable $post_ID in C:\Users\micha\Local Sites\salem-events-hub-discover-local-happenings\app\public\wp-content\themes\hello-elementor\functions.php on line 359
[28-Feb-2025 19:09:15 UTC] PHP Warning:  Undefined variable $post_ID in C:\Users\micha\Local Sites\salem-events-hub-discover-local-happenings\app\public\wp-content\themes\hello-elementor\functions.php on line 359
[28-Feb-2025 19:09:15 UTC] PHP Warning:  Undefined variable $post_ID in C:\Users\micha\Local Sites\salem-events-hub-discover-local-happenings\app\public\wp-content\themes\hello-elementor\functions.php on line 359
[28-Feb-2025 19:09:15 UTC] PHP Warning:  Undefined variable $post_ID in C:\Users\micha\Local Sites\salem-events-hub-discover-local-happenings\app\public\wp-content\themes\hello-elementor\functions.php on line 353
[28-Feb-2025 19:09:15 UTC] PHP Warning:  Undefined variable $post_ID in C:\Users\micha\Local Sites\salem-events-hub-discover-local-happenings\app\public\wp-content\themes\hello-elementor\functions.php on line 359
[28-Feb-2025 19:09:15 UTC] PHP Warning:  Undefined variable $post_ID in C:\Users\micha\Local Sites\salem-events-hub-discover-local-happenings\app\public\wp-content\themes\hello-elementor\functions.php on line 359
[28-Feb-2025 19:09:15 UTC] PHP Warning:  Undefined variable $post_ID in C:\Users\micha\Local Sites\salem-events-hub-discover-local-happenings\app\public\wp-content\themes\hello-elementor\functions.php on line 359
[28-Feb-2025 19:09:15 UTC] PHP Warning:  Undefined variable $post_ID in C:\Users\micha\Local Sites\salem-events-hub-discover-local-happenings\app\public\wp-content\themes\hello-elementor\functions.php on line 359
[28-Feb-2025 19:09:18 UTC] PHP Warning:  Undefined variable $post_ID in C:\Users\micha\Local Sites\salem-events-hub-discover-local-happenings\app\public\wp-content\themes\hello-elementor\functions.php on line 353
[28-Feb-2025 19:09:18 UTC] PHP Warning:  Undefined variable $post_ID in C:\Users\micha\Local Sites\salem-events-hub-discover-local-happenings\app\public\wp-content\themes\hello-elementor\functions.php on line 359
[28-Feb-2025 19:09:18 UTC] PHP Warning:  Undefined variable $post_ID in C:\Users\micha\Local Sites\salem-events-hub-discover-local-happenings\app\public\wp-content\themes\hello-elementor\functions.php on line 359
[28-Feb-2025 19:09:18 UTC] PHP Warning:  Undefined variable $post_ID in C:\Users\micha\Local Sites\salem-events-hub-discover-local-happenings\app\public\wp-content\themes\hello-elementor\functions.php on line 359
[28-Feb-2025 19:09:18 UTC] PHP Warning:  Undefined variable $post_ID in C:\Users\micha\Local Sites\salem-events-hub-discover-local-happenings\app\public\wp-content\themes\hello-elementor\functions.php on line 359
[28-Feb-2025 19:09:20 UTC] PHP Warning:  Undefined variable $post_ID in C:\Users\micha\Local Sites\salem-events-hub-discover-local-happenings\app\public\wp-content\themes\hello-elementor\functions.php on line 353
[28-Feb-2025 19:09:20 UTC] PHP Warning:  Undefined variable $post_ID in C:\Users\micha\Local Sites\salem-events-hub-discover-local-happenings\app\public\wp-content\themes\hello-elementor\functions.php on line 359
[28-Feb-2025 19:09:20 UTC] PHP Warning:  Undefined variable $post_ID in C:\Users\micha\Local Sites\salem-events-hub-discover-local-happenings\app\public\wp-content\themes\hello-elementor\functions.php on line 359
[28-Feb-2025 19:09:20 UTC] PHP Warning:  Undefined variable $post_ID in C:\Users\micha\Local Sites\salem-events-hub-discover-local-happenings\app\public\wp-content\themes\hello-elementor\functions.php on line 359
[28-Feb-2025 19:09:20 UTC] PHP Warning:  Undefined variable $post_ID in C:\Users\micha\Local Sites\salem-events-hub-discover-local-happenings\app\public\wp-content\themes\hello-elementor\functions.php on line 359
[07-Mar-2025 02:31:44 UTC] PHP Warning:  Undefined array key "_event_type" in C:\Users\micha\Local Sites\salem-events-hub-discover-local-happenings\app\public\wp-content\plugins\wp-event-manager\admin\wp-event-manager-writepanels.php on line 1282
[07-Mar-2025 02:31:44 UTC] PHP Warning:  Undefined array key "_event_category" in C:\Users\micha\Local Sites\salem-events-hub-discover-local-happenings\app\public\wp-content\plugins\wp-event-manager\admin\wp-event-manager-writepanels.php on line 1282
[10-Mar-2025 04:13:03 UTC] Cron reschedule event error for hook: action_scheduler_run_queue, Error code: could_not_set, Error message: The cron event list could not be saved., Data: {"schedule":"every_minute","args":["WP Cron"],"interval":60}
[10-Mar-2025 04:21:07 UTC] Cron reschedule event error for hook: action_scheduler_run_queue, Error code: could_not_set, Error message: The cron event list could not be saved., Data: {"schedule":"every_minute","args":["WP Cron"],"interval":60}
[10-Mar-2025 04:23:08 UTC] Cron reschedule event error for hook: action_scheduler_run_queue, Error code: could_not_set, Error message: The cron event list could not be saved., Data: {"schedule":"every_minute","args":["WP Cron"],"interval":60}
[10-Mar-2025 04:25:09 UTC] Cron reschedule event error for hook: action_scheduler_run_queue, Error code: could_not_set, Error message: The cron event list could not be saved., Data: {"schedule":"every_minute","args":["WP Cron"],"interval":60}
[10-Mar-2025 05:28:12 UTC] [Image Optimizer]: info in ImageOptimization\Modules\Optimization\Classes\Optimize_Image->optimize(): Start optimization of 665
[11-Mar-2025 01:04:26 UTC] PHP Warning:  Undefined array key "_event_type" in C:\Users\micha\Local Sites\salem-events-hub-discover-local-happenings\app\public\wp-content\plugins\wp-event-manager\admin\wp-event-manager-writepanels.php on line 1282
[11-Mar-2025 01:04:26 UTC] PHP Warning:  Undefined array key "_event_category" in C:\Users\micha\Local Sites\salem-events-hub-discover-local-happenings\app\public\wp-content\plugins\wp-event-manager\admin\wp-event-manager-writepanels.php on line 1282
[11-Mar-2025 02:33:23 UTC] PHP Warning:  Undefined array key "_event_type" in C:\Users\micha\Local Sites\salem-events-hub-discover-local-happenings\app\public\wp-content\plugins\wp-event-manager\admin\wp-event-manager-writepanels.php on line 1282
[11-Mar-2025 02:33:23 UTC] PHP Warning:  Undefined array key "_event_category" in C:\Users\micha\Local Sites\salem-events-hub-discover-local-happenings\app\public\wp-content\plugins\wp-event-manager\admin\wp-event-manager-writepanels.php on line 1282
[11-Mar-2025 02:44:35 UTC] PHP Warning:  Undefined array key "_event_type" in C:\Users\micha\Local Sites\salem-events-hub-discover-local-happenings\app\public\wp-content\plugins\wp-event-manager\admin\wp-event-manager-writepanels.php on line 1282
[11-Mar-2025 02:44:35 UTC] PHP Warning:  Undefined array key "_event_category" in C:\Users\micha\Local Sites\salem-events-hub-discover-local-happenings\app\public\wp-content\plugins\wp-event-manager\admin\wp-event-manager-writepanels.php on line 1282
[11-Mar-2025 03:56:07 UTC] [Image Optimizer]: info in ImageOptimization\Modules\Optimization\Classes\Optimize_Image->optimize(): Start optimization of 673
[11-Mar-2025 03:56:10 UTC] [Image Optimizer]: error in ImageOptimization\Modules\ConnectManager\Components\Connect->get_connect_status(): Status check error. Reason: Token Auth Guard Request Failed!: Invalid Token
[11-Mar-2025 03:58:37 UTC] PHP Warning:  Undefined array key "_event_type" in C:\Users\micha\Local Sites\salem-events-hub-discover-local-happenings\app\public\wp-content\plugins\wp-event-manager\admin\wp-event-manager-writepanels.php on line 1282
[11-Mar-2025 03:58:37 UTC] PHP Warning:  Undefined array key "_event_category" in C:\Users\micha\Local Sites\salem-events-hub-discover-local-happenings\app\public\wp-content\plugins\wp-event-manager\admin\wp-event-manager-writepanels.php on line 1282
[11-Mar-2025 04:08:26 UTC] PHP Warning:  Undefined array key "_event_type" in C:\Users\micha\Local Sites\salem-events-hub-discover-local-happenings\app\public\wp-content\plugins\wp-event-manager\admin\wp-event-manager-writepanels.php on line 1282
[11-Mar-2025 04:08:26 UTC] PHP Warning:  Undefined array key "_event_category" in C:\Users\micha\Local Sites\salem-events-hub-discover-local-happenings\app\public\wp-content\plugins\wp-event-manager\admin\wp-event-manager-writepanels.php on line 1282
[11-Mar-2025 04:08:27 UTC] [Image Optimizer]: info in ImageOptimization\Modules\Optimization\Classes\Optimize_Image->optimize(): Start optimization of 675
[11-Mar-2025 04:09:05 UTC] PHP Warning:  Undefined array key "_event_type" in C:\Users\micha\Local Sites\salem-events-hub-discover-local-happenings\app\public\wp-content\plugins\wp-event-manager\admin\wp-event-manager-writepanels.php on line 1282
[11-Mar-2025 04:09:05 UTC] PHP Warning:  Undefined array key "_event_category" in C:\Users\micha\Local Sites\salem-events-hub-discover-local-happenings\app\public\wp-content\plugins\wp-event-manager\admin\wp-event-manager-writepanels.php on line 1282
[11-Mar-2025 04:10:11 UTC] PHP Warning:  Undefined array key "_event_type" in C:\Users\micha\Local Sites\salem-events-hub-discover-local-happenings\app\public\wp-content\plugins\wp-event-manager\admin\wp-event-manager-writepanels.php on line 1282
[11-Mar-2025 04:10:11 UTC] PHP Warning:  Undefined array key "_event_category" in C:\Users\micha\Local Sites\salem-events-hub-discover-local-happenings\app\public\wp-content\plugins\wp-event-manager\admin\wp-event-manager-writepanels.php on line 1282
[11-Mar-2025 04:11:19 UTC] PHP Warning:  Undefined array key "_event_type" in C:\Users\micha\Local Sites\salem-events-hub-discover-local-happenings\app\public\wp-content\plugins\wp-event-manager\admin\wp-event-manager-writepanels.php on line 1282
[11-Mar-2025 04:11:19 UTC] PHP Warning:  Undefined array key "_event_category" in C:\Users\micha\Local Sites\salem-events-hub-discover-local-happenings\app\public\wp-content\plugins\wp-event-manager\admin\wp-event-manager-writepanels.php on line 1282
[11-Mar-2025 04:12:10 UTC] PHP Warning:  Undefined array key "_event_type" in C:\Users\micha\Local Sites\salem-events-hub-discover-local-happenings\app\public\wp-content\plugins\wp-event-manager\admin\wp-event-manager-writepanels.php on line 1282
[11-Mar-2025 04:12:10 UTC] PHP Warning:  Undefined array key "_event_category" in C:\Users\micha\Local Sites\salem-events-hub-discover-local-happenings\app\public\wp-content\plugins\wp-event-manager\admin\wp-event-manager-writepanels.php on line 1282
[15-Mar-2025 04:24:53 UTC] [Image Optimizer]: info in ImageOptimization\Modules\Optimization\Classes\Optimize_Image->optimize(): Start optimization of 703
[15-Mar-2025 04:26:37 UTC] [Image Optimizer]: error in ImageOptimization\Modules\Optimization\Components\Upload_Optimization->optimize_image_on_upload(): Optimization error. Reason: cURL error 28: Operation timed out after 100013 milliseconds with 0 bytes received
[15-Mar-2025 04:31:34 UTC] [Image Optimizer]: info in ImageOptimization\Modules\Optimization\Classes\Optimize_Image->optimize(): Start optimization of 704
[15-Mar-2025 19:03:22 UTC] [Image Optimizer]: info in ImageOptimization\Modules\Optimization\Classes\Optimize_Image->optimize(): Start optimization of 706
[15-Mar-2025 19:03:34 UTC] PHP Warning:  Undefined array key "_event_type" in C:\Users\micha\Local Sites\salem-events-hub-discover-local-happenings\app\public\wp-content\plugins\wp-event-manager\admin\wp-event-manager-writepanels.php on line 1250
[15-Mar-2025 19:03:34 UTC] PHP Warning:  Undefined array key "_event_category" in C:\Users\micha\Local Sites\salem-events-hub-discover-local-happenings\app\public\wp-content\plugins\wp-event-manager\admin\wp-event-manager-writepanels.php on line 1250
[15-Mar-2025 19:03:35 UTC] PHP Warning:  Undefined array key "_event_health_guidelines" in C:\Users\micha\Local Sites\salem-events-hub-discover-local-happenings\app\public\wp-content\plugins\wp-event-manager\admin\wp-event-manager-writepanels.php on line 1250
[15-Mar-2025 19:05:14 UTC] PHP Warning:  Undefined array key 0 in C:\Users\micha\Local Sites\salem-events-hub-discover-local-happenings\app\public\wp-content\plugins\wp-event-manager\wp-event-manager-template.php on line 614
[15-Mar-2025 19:05:49 UTC] PHP Warning:  Undefined array key 0 in C:\Users\micha\Local Sites\salem-events-hub-discover-local-happenings\app\public\wp-content\plugins\wp-event-manager\wp-event-manager-template.php on line 614
[15-Mar-2025 19:09:45 UTC] [Image Optimizer]: info in ImageOptimization\Modules\Optimization\Classes\Optimize_Image->optimize(): Start optimization of 707
[15-Mar-2025 19:19:01 UTC] [Image Optimizer]: info in ImageOptimization\Modules\Optimization\Classes\Optimize_Image->optimize(): Start optimization of 708
[15-Mar-2025 19:33:29 UTC] [Image Optimizer]: info in ImageOptimization\Modules\Optimization\Classes\Optimize_Image->optimize(): Start optimization of 709
[15-Mar-2025 19:40:05 UTC] PHP Warning:  Undefined array key "_event_type" in C:\Users\micha\Local Sites\salem-events-hub-discover-local-happenings\app\public\wp-content\plugins\wp-event-manager\admin\wp-event-manager-writepanels.php on line 1250
[15-Mar-2025 19:40:05 UTC] PHP Warning:  Undefined array key "_event_category" in C:\Users\micha\Local Sites\salem-events-hub-discover-local-happenings\app\public\wp-content\plugins\wp-event-manager\admin\wp-event-manager-writepanels.php on line 1250
[15-Mar-2025 19:40:05 UTC] PHP Warning:  Undefined array key "_event_health_guidelines" in C:\Users\micha\Local Sites\salem-events-hub-discover-local-happenings\app\public\wp-content\plugins\wp-event-manager\admin\wp-event-manager-writepanels.php on line 1250
[15-Mar-2025 19:40:10 UTC] PHP Warning:  Undefined array key "_event_type" in C:\Users\micha\Local Sites\salem-events-hub-discover-local-happenings\app\public\wp-content\plugins\wp-event-manager\admin\wp-event-manager-writepanels.php on line 1250
[15-Mar-2025 19:40:10 UTC] PHP Warning:  Undefined array key "_event_category" in C:\Users\micha\Local Sites\salem-events-hub-discover-local-happenings\app\public\wp-content\plugins\wp-event-manager\admin\wp-event-manager-writepanels.php on line 1250
[15-Mar-2025 19:40:11 UTC] PHP Warning:  Undefined array key "_event_health_guidelines" in C:\Users\micha\Local Sites\salem-events-hub-discover-local-happenings\app\public\wp-content\plugins\wp-event-manager\admin\wp-event-manager-writepanels.php on line 1250
[15-Mar-2025 19:50:11 UTC] [Image Optimizer]: info in ImageOptimization\Modules\Optimization\Classes\Optimize_Image->optimize(): Start optimization of 712
[18-Mar-2025 03:27:39 UTC] [Image Optimizer]: info in ImageOptimization\Modules\Optimization\Classes\Optimize_Image->optimize(): Start optimization of 714
[18-Mar-2025 03:44:40 UTC] [Image Optimizer]: info in ImageOptimization\Modules\Optimization\Classes\Optimize_Image->optimize(): Start optimization of 716
[19-Mar-2025 23:40:47 UTC] [Image Optimizer]: info in ImageOptimization\Modules\Optimization\Classes\Optimize_Image->optimize(): Start optimization of 718
[20-Mar-2025 04:33:30 UTC] [Image Optimizer]: info in ImageOptimization\Modules\Optimization\Classes\Optimize_Image->optimize(): Start optimization of 730
[21-Mar-2025 03:31:41 UTC] [Image Optimizer]: info in ImageOptimization\Modules\Optimization\Classes\Optimize_Image->optimize(): Start optimization of 732
[21-Mar-2025 03:36:59 UTC] [Image Optimizer]: info in ImageOptimization\Modules\Optimization\Classes\Optimize_Image->optimize(): Start optimization of 734
[21-Mar-2025 03:54:40 UTC] [Image Optimizer]: info in ImageOptimization\Modules\Optimization\Classes\Optimize_Image->optimize(): Start optimization of 736
[21-Mar-2025 04:04:42 UTC] [Image Optimizer]: info in ImageOptimization\Modules\Optimization\Classes\Optimize_Image->optimize(): Start optimization of 738
[21-Mar-2025 04:11:53 UTC] [Image Optimizer]: info in ImageOptimization\Modules\Optimization\Classes\Optimize_Image->optimize(): Start optimization of 740
[21-Mar-2025 20:34:07 UTC] Invalid trp_settings: "not_set"
[21-Mar-2025 22:44:20 UTC] PHP Warning:  Cannot modify header information - headers already sent by (output started at C:\Users\micha\Local Sites\salem-events-hub-discover-local-happenings\app\public\wp-includes\script-loader.php:2387) in C:\Users\micha\Local Sites\salem-events-hub-discover-local-happenings\app\public\wp-includes\pluggable.php on line 1435
[21-Mar-2025 22:44:20 UTC] PHP Warning:  Cannot modify header information - headers already sent by (output started at C:\Users\micha\Local Sites\salem-events-hub-discover-local-happenings\app\public\wp-includes\script-loader.php:2387) in C:\Users\micha\Local Sites\salem-events-hub-discover-local-happenings\app\public\wp-includes\pluggable.php on line 1438
[21-Mar-2025 22:44:24 UTC] PHP Warning:  Cannot modify header information - headers already sent by (output started at C:\Users\micha\Local Sites\salem-events-hub-discover-local-happenings\app\public\wp-includes\script-loader.php:2387) in C:\Users\micha\Local Sites\salem-events-hub-discover-local-happenings\app\public\wp-includes\pluggable.php on line 1435
[21-Mar-2025 22:44:24 UTC] PHP Warning:  Cannot modify header information - headers already sent by (output started at C:\Users\micha\Local Sites\salem-events-hub-discover-local-happenings\app\public\wp-includes\script-loader.php:2387) in C:\Users\micha\Local Sites\salem-events-hub-discover-local-happenings\app\public\wp-includes\pluggable.php on line 1438
[22-Mar-2025 03:13:59 UTC] [Image Optimizer]: info in ImageOptimization\Modules\Optimization\Classes\Optimize_Image->optimize(): Start optimization of 749
[22-Mar-2025 03:32:29 UTC] [Image Optimizer]: info in ImageOptimization\Modules\Optimization\Classes\Optimize_Image->optimize(): Start optimization of 751
[22-Mar-2025 03:35:42 UTC] [Image Optimizer]: info in ImageOptimization\Modules\Optimization\Classes\Optimize_Image->optimize(): Start optimization of 753
[22-Mar-2025 03:49:59 UTC] [Image Optimizer]: info in ImageOptimization\Modules\Optimization\Classes\Optimize_Image->optimize(): Start optimization of 755
[22-Mar-2025 03:53:40 UTC] [Image Optimizer]: info in ImageOptimization\Modules\Optimization\Classes\Optimize_Image->optimize(): Start optimization of 757
[22-Mar-2025 04:05:58 UTC] [Image Optimizer]: info in ImageOptimization\Modules\Optimization\Classes\Optimize_Image->optimize(): Start optimization of 759
[22-Mar-2025 04:07:41 UTC] [Image Optimizer]: error in ImageOptimization\Modules\ConnectManager\Components\Connect->get_connect_status(): Status check error. Reason: cURL error 28: Operation timed out after 100012 milliseconds with 0 bytes received
[22-Mar-2025 04:08:49 UTC] [Image Optimizer]: info in ImageOptimization\Modules\Optimization\Classes\Optimize_Image->optimize(): Start optimization of 761
[22-Mar-2025 04:10:30 UTC] [Image Optimizer]: error in ImageOptimization\Modules\Optimization\Components\Upload_Optimization->optimize_image_on_upload(): Optimization error. Reason: cURL error 28: Operation timed out after 100008 milliseconds with 0 bytes received
[22-Mar-2025 04:17:43 UTC] [Image Optimizer]: info in ImageOptimization\Modules\Optimization\Classes\Optimize_Image->optimize(): Start optimization of 763
[22-Mar-2025 04:19:25 UTC] [Image Optimizer]: error in ImageOptimization\Modules\ConnectManager\Components\Connect->get_connect_status(): Status check error. Reason: cURL error 28: Operation timed out after 100012 milliseconds with 0 bytes received
[22-Mar-2025 04:21:05 UTC] [Image Optimizer]: error in ImageOptimization\Modules\Optimization\Components\Upload_Optimization->optimize_image_on_upload(): Optimization error. Reason: cURL error 28: Operation timed out after 100011 milliseconds with 0 bytes received
[22-Mar-2025 04:21:41 UTC] [Image Optimizer]: info in ImageOptimization\Modules\Optimization\Classes\Optimize_Image->optimize(): Start optimization of 765
[22-Mar-2025 04:23:21 UTC] [Image Optimizer]: error in ImageOptimization\Modules\ConnectManager\Components\Connect->get_connect_status(): Status check error. Reason: cURL error 28: Operation timed out after 100012 milliseconds with 0 bytes received
[22-Mar-2025 04:25:04 UTC] [Image Optimizer]: error in ImageOptimization\Modules\Optimization\Components\Upload_Optimization->optimize_image_on_upload(): Optimization error. Reason: cURL error 28: Operation timed out after 100003 milliseconds with 0 bytes received
[22-Mar-2025 04:38:29 UTC] [Image Optimizer]: info in ImageOptimization\Modules\Optimization\Classes\Optimize_Image->optimize(): Start optimization of 767
[22-Mar-2025 04:40:11 UTC] [Image Optimizer]: error in ImageOptimization\Modules\Optimization\Components\Upload_Optimization->optimize_image_on_upload(): Optimization error. Reason: cURL error 28: Operation timed out after 100004 milliseconds with 0 bytes received
[22-Mar-2025 04:41:37 UTC] [Image Optimizer]: info in ImageOptimization\Modules\Optimization\Classes\Optimize_Image->optimize(): Start optimization of 768
[22-Mar-2025 04:43:40 UTC] [Image Optimizer]: info in ImageOptimization\Modules\Optimization\Classes\Optimize_Image->optimize(): Start optimization of 770
[22-Mar-2025 04:45:22 UTC] [Image Optimizer]: error in ImageOptimization\Modules\ConnectManager\Components\Connect->get_connect_status(): Status check error. Reason: cURL error 28: Operation timed out after 100003 milliseconds with 0 bytes received
[22-Mar-2025 04:49:52 UTC] [Image Optimizer]: info in ImageOptimization\Modules\Optimization\Classes\Optimize_Image->optimize(): Start optimization of 772
[22-Mar-2025 04:51:35 UTC] [Image Optimizer]: error in ImageOptimization\Modules\Optimization\Components\Upload_Optimization->optimize_image_on_upload(): Optimization error. Reason: cURL error 28: Operation timed out after 100001 milliseconds with 0 bytes received
[23-Mar-2025 01:02:09 UTC] PHP Warning:  Undefined array key "_event_type" in C:\Users\micha\Local Sites\salem-events-hub-discover-local-happenings\app\public\wp-content\plugins\wp-event-manager\admin\wp-event-manager-writepanels.php on line 1250
[23-Mar-2025 01:02:09 UTC] PHP Warning:  Undefined array key "_event_category" in C:\Users\micha\Local Sites\salem-events-hub-discover-local-happenings\app\public\wp-content\plugins\wp-event-manager\admin\wp-event-manager-writepanels.php on line 1250
[23-Mar-2025 01:02:09 UTC] PHP Warning:  Undefined array key "_event_health_guidelines" in C:\Users\micha\Local Sites\salem-events-hub-discover-local-happenings\app\public\wp-content\plugins\wp-event-manager\admin\wp-event-manager-writepanels.php on line 1250
[23-Mar-2025 01:03:16 UTC] PHP Warning:  Undefined array key "_event_type" in C:\Users\micha\Local Sites\salem-events-hub-discover-local-happenings\app\public\wp-content\plugins\wp-event-manager\admin\wp-event-manager-writepanels.php on line 1250
[23-Mar-2025 01:03:16 UTC] PHP Warning:  Undefined array key "_event_category" in C:\Users\micha\Local Sites\salem-events-hub-discover-local-happenings\app\public\wp-content\plugins\wp-event-manager\admin\wp-event-manager-writepanels.php on line 1250
[23-Mar-2025 01:03:16 UTC] PHP Warning:  Undefined array key "_event_health_guidelines" in C:\Users\micha\Local Sites\salem-events-hub-discover-local-happenings\app\public\wp-content\plugins\wp-event-manager\admin\wp-event-manager-writepanels.php on line 1250
[23-Mar-2025 02:55:22 UTC] PHP Warning:  Attempt to read property "type" on string in C:\Users\micha\Local Sites\salem-events-hub-discover-local-happenings\app\public\wp-content\plugins\wp-event-manager\templates\event-registration.php on line 4
[23-Mar-2025 03:30:33 UTC] PHP Warning:  Attempt to read property "title" on null in C:\Users\micha\Local Sites\salem-events-hub-discover-local-happenings\app\public\wp-includes\class-wp-customize-widgets.php on line 923
[25-Mar-2025 23:48:03 UTC] PHP Warning:  Undefined array key "_event_type" in C:\Users\micha\Local Sites\salem-events-hub-discover-local-happenings\app\public\wp-content\plugins\wp-event-manager\admin\wp-event-manager-writepanels.php on line 1250
[25-Mar-2025 23:48:03 UTC] PHP Warning:  Undefined array key "_event_category" in C:\Users\micha\Local Sites\salem-events-hub-discover-local-happenings\app\public\wp-content\plugins\wp-event-manager\admin\wp-event-manager-writepanels.php on line 1250
[25-Mar-2025 23:48:03 UTC] PHP Warning:  Undefined array key "_event_health_guidelines" in C:\Users\micha\Local Sites\salem-events-hub-discover-local-happenings\app\public\wp-content\plugins\wp-event-manager\admin\wp-event-manager-writepanels.php on line 1250
[26-Mar-2025 01:06:08 UTC] [Image Optimizer]: info in ImageOptimization\Modules\Optimization\Classes\Optimize_Image->optimize(): Start optimization of 778
[26-Mar-2025 01:12:31 UTC] [Image Optimizer]: info in ImageOptimization\Modules\Optimization\Classes\Optimize_Image->optimize(): Start optimization of 780
[26-Mar-2025 01:17:38 UTC] [Image Optimizer]: info in ImageOptimization\Modules\Optimization\Classes\Optimize_Image->optimize(): Start optimization of 782
[26-Mar-2025 02:54:03 UTC] [Image Optimizer]: info in ImageOptimization\Modules\Optimization\Classes\Optimize_Image->optimize(): Start optimization of 784
[26-Mar-2025 02:58:31 UTC] [Image Optimizer]: info in ImageOptimization\Modules\Optimization\Classes\Optimize_Image->optimize(): Start optimization of 786
[26-Mar-2025 03:02:41 UTC] [Image Optimizer]: info in ImageOptimization\Modules\Optimization\Classes\Optimize_Image->optimize(): Start optimization of 788
[26-Mar-2025 03:06:50 UTC] [Image Optimizer]: info in ImageOptimization\Modules\Optimization\Classes\Optimize_Image->optimize(): Start optimization of 790
[26-Mar-2025 03:09:09 UTC] PHP Warning:  Undefined array key "_event_type" in C:\Users\micha\Local Sites\salem-events-hub-discover-local-happenings\app\public\wp-content\plugins\wp-event-manager\admin\wp-event-manager-writepanels.php on line 1250
[26-Mar-2025 03:09:09 UTC] PHP Warning:  Undefined array key "_event_category" in C:\Users\micha\Local Sites\salem-events-hub-discover-local-happenings\app\public\wp-content\plugins\wp-event-manager\admin\wp-event-manager-writepanels.php on line 1250
[26-Mar-2025 03:09:09 UTC] PHP Warning:  Undefined array key "_event_health_guidelines" in C:\Users\micha\Local Sites\salem-events-hub-discover-local-happenings\app\public\wp-content\plugins\wp-event-manager\admin\wp-event-manager-writepanels.php on line 1250
[26-Mar-2025 03:14:06 UTC] [Image Optimizer]: info in ImageOptimization\Modules\Optimization\Classes\Optimize_Image->optimize(): Start optimization of 792
[26-Mar-2025 03:44:50 UTC] [Image Optimizer]: info in ImageOptimization\Modules\Optimization\Classes\Optimize_Image->optimize(): Start optimization of 794
[26-Mar-2025 03:55:00 UTC] [Image Optimizer]: info in ImageOptimization\Modules\Optimization\Classes\Optimize_Image->optimize(): Start optimization of 796
[26-Mar-2025 03:57:03 UTC] [Image Optimizer]: info in ImageOptimization\Modules\Optimization\Classes\Optimize_Image->optimize(): Start optimization of 797
[26-Mar-2025 04:00:06 UTC] [Image Optimizer]: info in ImageOptimization\Modules\Optimization\Classes\Optimize_Image->optimize(): Start optimization of 799
[26-Mar-2025 04:05:51 UTC] [Image Optimizer]: info in ImageOptimization\Modules\Optimization\Classes\Optimize_Image->optimize(): Start optimization of 801
[26-Mar-2025 04:15:30 UTC] [Image Optimizer]: info in ImageOptimization\Modules\Optimization\Classes\Optimize_Image->optimize(): Start optimization of 803
[26-Mar-2025 05:04:29 UTC] [Image Optimizer]: info in ImageOptimization\Modules\Optimization\Classes\Optimize_Image->optimize(): Start optimization of 805
[26-Mar-2025 05:07:42 UTC] [Image Optimizer]: info in ImageOptimization\Modules\Optimization\Classes\Optimize_Image->optimize(): Start optimization of 807
[26-Mar-2025 05:10:32 UTC] PHP Warning:  Undefined array key "_event_type" in C:\Users\micha\Local Sites\salem-events-hub-discover-local-happenings\app\public\wp-content\plugins\wp-event-manager\admin\wp-event-manager-writepanels.php on line 1250
[26-Mar-2025 05:10:32 UTC] PHP Warning:  Undefined array key "_event_category" in C:\Users\micha\Local Sites\salem-events-hub-discover-local-happenings\app\public\wp-content\plugins\wp-event-manager\admin\wp-event-manager-writepanels.php on line 1250
[26-Mar-2025 05:10:32 UTC] PHP Warning:  Undefined array key "_event_health_guidelines" in C:\Users\micha\Local Sites\salem-events-hub-discover-local-happenings\app\public\wp-content\plugins\wp-event-manager\admin\wp-event-manager-writepanels.php on line 1250
[26-Mar-2025 05:14:46 UTC] PHP Warning:  Undefined array key "_event_type" in C:\Users\micha\Local Sites\salem-events-hub-discover-local-happenings\app\public\wp-content\plugins\wp-event-manager\admin\wp-event-manager-writepanels.php on line 1250
[26-Mar-2025 05:14:46 UTC] PHP Warning:  Undefined array key "_event_category" in C:\Users\micha\Local Sites\salem-events-hub-discover-local-happenings\app\public\wp-content\plugins\wp-event-manager\admin\wp-event-manager-writepanels.php on line 1250
[26-Mar-2025 05:14:46 UTC] PHP Warning:  Undefined array key "_event_health_guidelines" in C:\Users\micha\Local Sites\salem-events-hub-discover-local-happenings\app\public\wp-content\plugins\wp-event-manager\admin\wp-event-manager-writepanels.php on line 1250
[26-Mar-2025 05:15:22 UTC] PHP Warning:  Undefined array key "_event_type" in C:\Users\micha\Local Sites\salem-events-hub-discover-local-happenings\app\public\wp-content\plugins\wp-event-manager\admin\wp-event-manager-writepanels.php on line 1250
[26-Mar-2025 05:15:22 UTC] PHP Warning:  Undefined array key "_event_category" in C:\Users\micha\Local Sites\salem-events-hub-discover-local-happenings\app\public\wp-content\plugins\wp-event-manager\admin\wp-event-manager-writepanels.php on line 1250
[26-Mar-2025 05:15:22 UTC] PHP Warning:  Undefined array key "_event_health_guidelines" in C:\Users\micha\Local Sites\salem-events-hub-discover-local-happenings\app\public\wp-content\plugins\wp-event-manager\admin\wp-event-manager-writepanels.php on line 1250
[26-Mar-2025 05:18:51 UTC] [Image Optimizer]: info in ImageOptimization\Modules\Optimization\Classes\Optimize_Image->optimize(): Start optimization of 811
[26-Mar-2025 05:21:32 UTC] PHP Warning:  Undefined array key "_event_type" in C:\Users\micha\Local Sites\salem-events-hub-discover-local-happenings\app\public\wp-content\plugins\wp-event-manager\admin\wp-event-manager-writepanels.php on line 1250
[26-Mar-2025 05:21:32 UTC] PHP Warning:  Undefined array key "_event_category" in C:\Users\micha\Local Sites\salem-events-hub-discover-local-happenings\app\public\wp-content\plugins\wp-event-manager\admin\wp-event-manager-writepanels.php on line 1250
[26-Mar-2025 05:21:32 UTC] PHP Warning:  Undefined array key "_event_health_guidelines" in C:\Users\micha\Local Sites\salem-events-hub-discover-local-happenings\app\public\wp-content\plugins\wp-event-manager\admin\wp-event-manager-writepanels.php on line 1250
[26-Mar-2025 23:51:40 UTC] [Image Optimizer]: info in ImageOptimization\Modules\Optimization\Classes\Optimize_Image->optimize(): Start optimization of 813
[26-Mar-2025 23:58:40 UTC] [Image Optimizer]: info in ImageOptimization\Modules\Optimization\Classes\Optimize_Image->optimize(): Start optimization of 815
[27-Mar-2025 00:05:15 UTC] [Image Optimizer]: info in ImageOptimization\Modules\Optimization\Classes\Optimize_Image->optimize(): Start optimization of 817
[27-Mar-2025 00:13:57 UTC] [Image Optimizer]: info in ImageOptimization\Modules\Optimization\Classes\Optimize_Image->optimize(): Start optimization of 819
[27-Mar-2025 00:23:00 UTC] [Image Optimizer]: info in ImageOptimization\Modules\Optimization\Classes\Optimize_Image->optimize(): Start optimization of 821
[27-Mar-2025 00:43:08 UTC] [Image Optimizer]: info in ImageOptimization\Modules\Optimization\Classes\Optimize_Image->optimize(): Start optimization of 823
[27-Mar-2025 00:56:12 UTC] [Image Optimizer]: info in ImageOptimization\Modules\Optimization\Classes\Optimize_Image->optimize(): Start optimization of 825
[27-Mar-2025 00:58:41 UTC] [Image Optimizer]: info in ImageOptimization\Modules\Optimization\Classes\Optimize_Image->optimize(): Start optimization of 827
[27-Mar-2025 01:03:48 UTC] [Image Optimizer]: info in ImageOptimization\Modules\Optimization\Classes\Optimize_Image->optimize(): Start optimization of 829
[27-Mar-2025 01:13:00 UTC] PHP Warning:  Undefined array key "_event_type" in C:\Users\micha\Local Sites\salem-events-hub-discover-local-happenings\app\public\wp-content\plugins\wp-event-manager\admin\wp-event-manager-writepanels.php on line 1250
[27-Mar-2025 01:13:00 UTC] PHP Warning:  Undefined array key "_event_category" in C:\Users\micha\Local Sites\salem-events-hub-discover-local-happenings\app\public\wp-content\plugins\wp-event-manager\admin\wp-event-manager-writepanels.php on line 1250
[27-Mar-2025 01:13:01 UTC] PHP Warning:  Undefined array key "_event_health_guidelines" in C:\Users\micha\Local Sites\salem-events-hub-discover-local-happenings\app\public\wp-content\plugins\wp-event-manager\admin\wp-event-manager-writepanels.php on line 1250
[27-Mar-2025 01:25:13 UTC] PHP Warning:  Undefined array key "_event_type" in C:\Users\micha\Local Sites\salem-events-hub-discover-local-happenings\app\public\wp-content\plugins\wp-event-manager\admin\wp-event-manager-writepanels.php on line 1250
[27-Mar-2025 01:25:13 UTC] PHP Warning:  Undefined array key "_event_category" in C:\Users\micha\Local Sites\salem-events-hub-discover-local-happenings\app\public\wp-content\plugins\wp-event-manager\admin\wp-event-manager-writepanels.php on line 1250
[27-Mar-2025 01:25:13 UTC] PHP Warning:  Undefined array key "_event_health_guidelines" in C:\Users\micha\Local Sites\salem-events-hub-discover-local-happenings\app\public\wp-content\plugins\wp-event-manager\admin\wp-event-manager-writepanels.php on line 1250
[27-Mar-2025 01:29:42 UTC] [Image Optimizer]: info in ImageOptimization\Modules\Optimization\Classes\Optimize_Image->optimize(): Start optimization of 834
[27-Mar-2025 01:42:08 UTC] [Image Optimizer]: info in ImageOptimization\Modules\Optimization\Classes\Optimize_Image->optimize(): Start optimization of 836
[27-Mar-2025 01:58:01 UTC] [Image Optimizer]: info in ImageOptimization\Modules\Optimization\Classes\Optimize_Image->optimize(): Start optimization of 838
[27-Mar-2025 02:05:45 UTC] [Image Optimizer]: info in ImageOptimization\Modules\Optimization\Classes\Optimize_Image->optimize(): Start optimization of 840
[27-Mar-2025 02:12:33 UTC] [Image Optimizer]: info in ImageOptimization\Modules\Optimization\Classes\Optimize_Image->optimize(): Start optimization of 842
[27-Mar-2025 02:14:43 UTC] [Image Optimizer]: info in ImageOptimization\Modules\Optimization\Classes\Optimize_Image->optimize(): Start optimization of 844
[27-Mar-2025 02:24:24 UTC] [Image Optimizer]: info in ImageOptimization\Modules\Optimization\Classes\Optimize_Image->optimize(): Start optimization of 846
[27-Mar-2025 02:28:13 UTC] [Image Optimizer]: info in ImageOptimization\Modules\Optimization\Classes\Optimize_Image->optimize(): Start optimization of 848
[27-Mar-2025 02:47:03 UTC] [Image Optimizer]: info in ImageOptimization\Modules\Optimization\Classes\Optimize_Image->optimize(): Start optimization of 850
[27-Mar-2025 02:50:17 UTC] [Image Optimizer]: info in ImageOptimization\Modules\Optimization\Classes\Optimize_Image->optimize(): Start optimization of 852
[27-Mar-2025 02:52:11 UTC] PHP Warning:  Undefined array key "_event_type" in C:\Users\micha\Local Sites\salem-events-hub-discover-local-happenings\app\public\wp-content\plugins\wp-event-manager\admin\wp-event-manager-writepanels.php on line 1250
[27-Mar-2025 02:52:11 UTC] PHP Warning:  Undefined array key "_event_category" in C:\Users\micha\Local Sites\salem-events-hub-discover-local-happenings\app\public\wp-content\plugins\wp-event-manager\admin\wp-event-manager-writepanels.php on line 1250
[27-Mar-2025 02:52:11 UTC] PHP Warning:  Undefined array key "_event_health_guidelines" in C:\Users\micha\Local Sites\salem-events-hub-discover-local-happenings\app\public\wp-content\plugins\wp-event-manager\admin\wp-event-manager-writepanels.php on line 1250
[27-Mar-2025 03:00:28 UTC] [Image Optimizer]: info in ImageOptimization\Modules\Optimization\Classes\Optimize_Image->optimize(): Start optimization of 854
[27-Mar-2025 03:05:00 UTC] [Image Optimizer]: info in ImageOptimization\Modules\Optimization\Classes\Optimize_Image->optimize(): Start optimization of 856
[27-Mar-2025 03:12:45 UTC] [Image Optimizer]: info in ImageOptimization\Modules\Optimization\Classes\Optimize_Image->optimize(): Start optimization of 858
[27-Mar-2025 03:23:54 UTC] [Image Optimizer]: info in ImageOptimization\Modules\Optimization\Classes\Optimize_Image->optimize(): Start optimization of 860
[27-Mar-2025 03:26:40 UTC] [Image Optimizer]: info in ImageOptimization\Modules\Optimization\Classes\Optimize_Image->optimize(): Start optimization of 862
[27-Mar-2025 03:38:48 UTC] [Image Optimizer]: info in ImageOptimization\Modules\Optimization\Classes\Optimize_Image->optimize(): Start optimization of 864
[27-Mar-2025 03:41:43 UTC] [Image Optimizer]: info in ImageOptimization\Modules\Optimization\Classes\Optimize_Image->optimize(): Start optimization of 866
[27-Mar-2025 03:46:14 UTC] [Image Optimizer]: info in ImageOptimization\Modules\Optimization\Classes\Optimize_Image->optimize(): Start optimization of 868
[27-Mar-2025 03:54:17 UTC] [Image Optimizer]: info in ImageOptimization\Modules\Optimization\Classes\Optimize_Image->optimize(): Start optimization of 870
[27-Mar-2025 03:54:21 UTC] [Image Optimizer]: info in ImageOptimization\Modules\Optimization\Classes\Optimize_Image->optimize(): Start optimization of 871
[27-Mar-2025 03:57:00 UTC] [Image Optimizer]: info in ImageOptimization\Modules\Optimization\Classes\Optimize_Image->optimize(): Start optimization of 873
[27-Mar-2025 04:01:24 UTC] [Image Optimizer]: info in ImageOptimization\Modules\Optimization\Classes\Optimize_Image->optimize(): Start optimization of 875
[27-Mar-2025 04:04:20 UTC] [Image Optimizer]: info in ImageOptimization\Modules\Optimization\Classes\Optimize_Image->optimize(): Start optimization of 877
[27-Mar-2025 04:20:12 UTC] [Image Optimizer]: info in ImageOptimization\Modules\Optimization\Classes\Optimize_Image->optimize(): Start optimization of 879
[27-Mar-2025 04:20:44 UTC] PHP Warning:  Undefined array key 1 in C:\Users\micha\Local Sites\salem-events-hub-discover-local-happenings\app\public\wp-admin\includes\image.php on line 817
[27-Mar-2025 04:22:03 UTC] [Image Optimizer]: info in ImageOptimization\Modules\Optimization\Classes\Optimize_Image->optimize(): Start optimization of 881
[27-Mar-2025 04:23:40 UTC] [Image Optimizer]: info in ImageOptimization\Modules\Optimization\Classes\Optimize_Image->optimize(): Start optimization of 883
[27-Mar-2025 04:33:03 UTC] [Image Optimizer]: info in ImageOptimization\Modules\Optimization\Classes\Optimize_Image->optimize(): Start optimization of 885
[27-Mar-2025 04:39:34 UTC] [Image Optimizer]: info in ImageOptimization\Modules\Optimization\Classes\Optimize_Image->optimize(): Start optimization of 887
[27-Mar-2025 04:39:38 UTC] [Image Optimizer]: info in ImageOptimization\Modules\Optimization\Classes\Optimize_Image->optimize(): Start optimization of 889
[27-Mar-2025 04:45:39 UTC] [Image Optimizer]: info in ImageOptimization\Modules\Optimization\Classes\Optimize_Image->optimize(): Start optimization of 891
[27-Mar-2025 04:49:06 UTC] [Image Optimizer]: info in ImageOptimization\Modules\Optimization\Classes\Optimize_Image->optimize(): Start optimization of 893
[27-Mar-2025 04:49:41 UTC] PHP Warning:  Undefined array key "_event_type" in C:\Users\micha\Local Sites\salem-events-hub-discover-local-happenings\app\public\wp-content\plugins\wp-event-manager\admin\wp-event-manager-writepanels.php on line 1250
[27-Mar-2025 04:49:41 UTC] PHP Warning:  Undefined array key "_event_category" in C:\Users\micha\Local Sites\salem-events-hub-discover-local-happenings\app\public\wp-content\plugins\wp-event-manager\admin\wp-event-manager-writepanels.php on line 1250
[27-Mar-2025 04:49:41 UTC] PHP Warning:  Undefined array key "_event_health_guidelines" in C:\Users\micha\Local Sites\salem-events-hub-discover-local-happenings\app\public\wp-content\plugins\wp-event-manager\admin\wp-event-manager-writepanels.php on line 1250
[27-Mar-2025 04:50:56 UTC] PHP Warning:  Undefined array key "_event_type" in C:\Users\micha\Local Sites\salem-events-hub-discover-local-happenings\app\public\wp-content\plugins\wp-event-manager\admin\wp-event-manager-writepanels.php on line 1250
[27-Mar-2025 04:50:56 UTC] PHP Warning:  Undefined array key "_event_category" in C:\Users\micha\Local Sites\salem-events-hub-discover-local-happenings\app\public\wp-content\plugins\wp-event-manager\admin\wp-event-manager-writepanels.php on line 1250
[27-Mar-2025 04:50:56 UTC] PHP Warning:  Undefined array key "_event_health_guidelines" in C:\Users\micha\Local Sites\salem-events-hub-discover-local-happenings\app\public\wp-content\plugins\wp-event-manager\admin\wp-event-manager-writepanels.php on line 1250
[27-Mar-2025 04:56:17 UTC] [Image Optimizer]: info in ImageOptimization\Modules\Optimization\Classes\Optimize_Image->optimize(): Start optimization of 896
[27-Mar-2025 04:56:21 UTC] [Image Optimizer]: info in ImageOptimization\Modules\Optimization\Classes\Optimize_Image->optimize(): Start optimization of 897
[27-Mar-2025 21:52:51 UTC] [Image Optimizer]: info in ImageOptimization\Modules\Optimization\Classes\Optimize_Image->optimize(): Start optimization of 899
[27-Mar-2025 21:54:34 UTC] [Image Optimizer]: error in ImageOptimization\Modules\Optimization\Components\Upload_Optimization->optimize_image_on_upload(): Optimization error. Reason: cURL error 28: Operation timed out after 100006 milliseconds with 0 bytes received
[27-Mar-2025 21:55:39 UTC] [Image Optimizer]: info in ImageOptimization\Modules\Optimization\Classes\Optimize_Image->optimize(): Start optimization of 901
[27-Mar-2025 21:57:19 UTC] [Image Optimizer]: error in ImageOptimization\Modules\Optimization\Components\Upload_Optimization->optimize_image_on_upload(): Optimization error. Reason: cURL error 28: Operation timed out after 100001 milliseconds with 0 bytes received
[27-Mar-2025 21:58:50 UTC] [Image Optimizer]: info in ImageOptimization\Modules\Optimization\Classes\Optimize_Image->optimize(): Start optimization of 903
[27-Mar-2025 22:00:32 UTC] [Image Optimizer]: error in ImageOptimization\Modules\ConnectManager\Components\Connect->get_connect_status(): Status check error. Reason: cURL error 28: Operation timed out after 100006 milliseconds with 0 bytes received
[27-Mar-2025 22:02:12 UTC] [Image Optimizer]: error in ImageOptimization\Modules\Optimization\Components\Upload_Optimization->optimize_image_on_upload(): Optimization error. Reason: cURL error 28: Operation timed out after 100007 milliseconds with 0 bytes received
[27-Mar-2025 22:02:15 UTC] [Image Optimizer]: info in ImageOptimization\Modules\Optimization\Classes\Optimize_Image->optimize(): Start optimization of 905
[27-Mar-2025 22:06:18 UTC] [Image Optimizer]: info in ImageOptimization\Modules\Optimization\Classes\Optimize_Image->optimize(): Start optimization of 907
[27-Mar-2025 22:08:16 UTC] PHP Warning:  Undefined array key "_event_type" in C:\Users\micha\Local Sites\salem-events-hub-discover-local-happenings\app\public\wp-content\plugins\wp-event-manager\admin\wp-event-manager-writepanels.php on line 1250
[27-Mar-2025 22:08:16 UTC] PHP Warning:  Undefined array key "_event_category" in C:\Users\micha\Local Sites\salem-events-hub-discover-local-happenings\app\public\wp-content\plugins\wp-event-manager\admin\wp-event-manager-writepanels.php on line 1250
[27-Mar-2025 22:08:16 UTC] PHP Warning:  Undefined array key "_event_health_guidelines" in C:\Users\micha\Local Sites\salem-events-hub-discover-local-happenings\app\public\wp-content\plugins\wp-event-manager\admin\wp-event-manager-writepanels.php on line 1250
[27-Mar-2025 22:09:48 UTC] PHP Warning:  Undefined array key "_event_type" in C:\Users\micha\Local Sites\salem-events-hub-discover-local-happenings\app\public\wp-content\plugins\wp-event-manager\admin\wp-event-manager-writepanels.php on line 1250
[27-Mar-2025 22:09:48 UTC] PHP Warning:  Undefined array key "_event_category" in C:\Users\micha\Local Sites\salem-events-hub-discover-local-happenings\app\public\wp-content\plugins\wp-event-manager\admin\wp-event-manager-writepanels.php on line 1250
[27-Mar-2025 22:09:48 UTC] PHP Warning:  Undefined array key "_event_health_guidelines" in C:\Users\micha\Local Sites\salem-events-hub-discover-local-happenings\app\public\wp-content\plugins\wp-event-manager\admin\wp-event-manager-writepanels.php on line 1250
[27-Mar-2025 22:10:17 UTC] PHP Warning:  Undefined array key "_event_type" in C:\Users\micha\Local Sites\salem-events-hub-discover-local-happenings\app\public\wp-content\plugins\wp-event-manager\admin\wp-event-manager-writepanels.php on line 1250
[27-Mar-2025 22:10:17 UTC] PHP Warning:  Undefined array key "_event_category" in C:\Users\micha\Local Sites\salem-events-hub-discover-local-happenings\app\public\wp-content\plugins\wp-event-manager\admin\wp-event-manager-writepanels.php on line 1250
[27-Mar-2025 22:10:17 UTC] PHP Warning:  Undefined array key "_event_health_guidelines" in C:\Users\micha\Local Sites\salem-events-hub-discover-local-happenings\app\public\wp-content\plugins\wp-event-manager\admin\wp-event-manager-writepanels.php on line 1250
[27-Mar-2025 22:13:43 UTC] [Image Optimizer]: info in ImageOptimization\Modules\Optimization\Classes\Optimize_Image->optimize(): Start optimization of 910
[27-Mar-2025 22:15:26 UTC] [Image Optimizer]: error in ImageOptimization\Modules\Optimization\Components\Upload_Optimization->optimize_image_on_upload(): Optimization error. Reason: cURL error 28: Operation timed out after 100007 milliseconds with 0 bytes received
[27-Mar-2025 22:19:08 UTC] PHP Warning:  Undefined array key "_event_type" in C:\Users\micha\Local Sites\salem-events-hub-discover-local-happenings\app\public\wp-content\plugins\wp-event-manager\admin\wp-event-manager-writepanels.php on line 1250
[27-Mar-2025 22:19:08 UTC] PHP Warning:  Undefined array key "_event_category" in C:\Users\micha\Local Sites\salem-events-hub-discover-local-happenings\app\public\wp-content\plugins\wp-event-manager\admin\wp-event-manager-writepanels.php on line 1250
[27-Mar-2025 22:19:08 UTC] PHP Warning:  Undefined array key "_event_health_guidelines" in C:\Users\micha\Local Sites\salem-events-hub-discover-local-happenings\app\public\wp-content\plugins\wp-event-manager\admin\wp-event-manager-writepanels.php on line 1250
[27-Mar-2025 22:19:51 UTC] PHP Warning:  Undefined array key "_event_type" in C:\Users\micha\Local Sites\salem-events-hub-discover-local-happenings\app\public\wp-content\plugins\wp-event-manager\admin\wp-event-manager-writepanels.php on line 1250
[27-Mar-2025 22:19:51 UTC] PHP Warning:  Undefined array key "_event_category" in C:\Users\micha\Local Sites\salem-events-hub-discover-local-happenings\app\public\wp-content\plugins\wp-event-manager\admin\wp-event-manager-writepanels.php on line 1250
[27-Mar-2025 22:19:51 UTC] PHP Warning:  Undefined array key "_event_health_guidelines" in C:\Users\micha\Local Sites\salem-events-hub-discover-local-happenings\app\public\wp-content\plugins\wp-event-manager\admin\wp-event-manager-writepanels.php on line 1250
[27-Mar-2025 22:22:57 UTC] PHP Warning:  Undefined array key "_event_type" in C:\Users\micha\Local Sites\salem-events-hub-discover-local-happenings\app\public\wp-content\plugins\wp-event-manager\admin\wp-event-manager-writepanels.php on line 1250
[27-Mar-2025 22:22:57 UTC] PHP Warning:  Undefined array key "_event_category" in C:\Users\micha\Local Sites\salem-events-hub-discover-local-happenings\app\public\wp-content\plugins\wp-event-manager\admin\wp-event-manager-writepanels.php on line 1250
[27-Mar-2025 22:22:57 UTC] PHP Warning:  Undefined array key "_event_health_guidelines" in C:\Users\micha\Local Sites\salem-events-hub-discover-local-happenings\app\public\wp-content\plugins\wp-event-manager\admin\wp-event-manager-writepanels.php on line 1250
[27-Mar-2025 22:26:03 UTC] Cron reschedule event error for hook: action_scheduler_run_queue, Error code: could_not_set, Error message: The cron event list could not be saved., Data: {"schedule":"every_minute","args":["WP Cron"],"interval":60}
[27-Mar-2025 22:26:45 UTC] PHP Warning:  Undefined array key "_event_type" in C:\Users\micha\Local Sites\salem-events-hub-discover-local-happenings\app\public\wp-content\plugins\wp-event-manager\admin\wp-event-manager-writepanels.php on line 1250
[27-Mar-2025 22:26:45 UTC] PHP Warning:  Undefined array key "_event_category" in C:\Users\micha\Local Sites\salem-events-hub-discover-local-happenings\app\public\wp-content\plugins\wp-event-manager\admin\wp-event-manager-writepanels.php on line 1250
[27-Mar-2025 22:26:45 UTC] PHP Warning:  Undefined array key "_event_health_guidelines" in C:\Users\micha\Local Sites\salem-events-hub-discover-local-happenings\app\public\wp-content\plugins\wp-event-manager\admin\wp-event-manager-writepanels.php on line 1250
[27-Mar-2025 22:26:47 UTC] PHP Warning:  Undefined array key "_event_type" in C:\Users\micha\Local Sites\salem-events-hub-discover-local-happenings\app\public\wp-content\plugins\wp-event-manager\admin\wp-event-manager-writepanels.php on line 1250
[27-Mar-2025 22:26:47 UTC] PHP Warning:  Undefined array key "_event_category" in C:\Users\micha\Local Sites\salem-events-hub-discover-local-happenings\app\public\wp-content\plugins\wp-event-manager\admin\wp-event-manager-writepanels.php on line 1250
[27-Mar-2025 22:26:47 UTC] PHP Warning:  Undefined array key "_event_health_guidelines" in C:\Users\micha\Local Sites\salem-events-hub-discover-local-happenings\app\public\wp-content\plugins\wp-event-manager\admin\wp-event-manager-writepanels.php on line 1250
[27-Mar-2025 22:28:26 UTC] PHP Warning:  Undefined array key "_event_type" in C:\Users\micha\Local Sites\salem-events-hub-discover-local-happenings\app\public\wp-content\plugins\wp-event-manager\admin\wp-event-manager-writepanels.php on line 1250
[27-Mar-2025 22:28:26 UTC] PHP Warning:  Undefined array key "_event_category" in C:\Users\micha\Local Sites\salem-events-hub-discover-local-happenings\app\public\wp-content\plugins\wp-event-manager\admin\wp-event-manager-writepanels.php on line 1250
[27-Mar-2025 22:28:26 UTC] PHP Warning:  Undefined array key "_event_health_guidelines" in C:\Users\micha\Local Sites\salem-events-hub-discover-local-happenings\app\public\wp-content\plugins\wp-event-manager\admin\wp-event-manager-writepanels.php on line 1250
[27-Mar-2025 22:28:27 UTC] PHP Warning:  Undefined array key "_event_type" in C:\Users\micha\Local Sites\salem-events-hub-discover-local-happenings\app\public\wp-content\plugins\wp-event-manager\admin\wp-event-manager-writepanels.php on line 1250
[27-Mar-2025 22:28:27 UTC] PHP Warning:  Undefined array key "_event_category" in C:\Users\micha\Local Sites\salem-events-hub-discover-local-happenings\app\public\wp-content\plugins\wp-event-manager\admin\wp-event-manager-writepanels.php on line 1250
[27-Mar-2025 22:28:27 UTC] PHP Warning:  Undefined array key "_event_health_guidelines" in C:\Users\micha\Local Sites\salem-events-hub-discover-local-happenings\app\public\wp-content\plugins\wp-event-manager\admin\wp-event-manager-writepanels.php on line 1250
[27-Mar-2025 22:29:17 UTC] PHP Warning:  Undefined array key "_event_type" in C:\Users\micha\Local Sites\salem-events-hub-discover-local-happenings\app\public\wp-content\plugins\wp-event-manager\admin\wp-event-manager-writepanels.php on line 1250
[27-Mar-2025 22:29:17 UTC] PHP Warning:  Undefined array key "_event_category" in C:\Users\micha\Local Sites\salem-events-hub-discover-local-happenings\app\public\wp-content\plugins\wp-event-manager\admin\wp-event-manager-writepanels.php on line 1250
[27-Mar-2025 22:29:17 UTC] PHP Warning:  Undefined array key "_event_health_guidelines" in C:\Users\micha\Local Sites\salem-events-hub-discover-local-happenings\app\public\wp-content\plugins\wp-event-manager\admin\wp-event-manager-writepanels.php on line 1250
[27-Mar-2025 22:29:53 UTC] PHP Warning:  Undefined array key "_event_type" in C:\Users\micha\Local Sites\salem-events-hub-discover-local-happenings\app\public\wp-content\plugins\wp-event-manager\admin\wp-event-manager-writepanels.php on line 1250
[27-Mar-2025 22:29:53 UTC] PHP Warning:  Undefined array key "_event_category" in C:\Users\micha\Local Sites\salem-events-hub-discover-local-happenings\app\public\wp-content\plugins\wp-event-manager\admin\wp-event-manager-writepanels.php on line 1250
[27-Mar-2025 22:29:53 UTC] PHP Warning:  Undefined array key "_event_health_guidelines" in C:\Users\micha\Local Sites\salem-events-hub-discover-local-happenings\app\public\wp-content\plugins\wp-event-manager\admin\wp-event-manager-writepanels.php on line 1250
[27-Mar-2025 22:30:01 UTC] PHP Warning:  Undefined array key "_event_type" in C:\Users\micha\Local Sites\salem-events-hub-discover-local-happenings\app\public\wp-content\plugins\wp-event-manager\admin\wp-event-manager-writepanels.php on line 1250
[27-Mar-2025 22:30:01 UTC] PHP Warning:  Undefined array key "_event_category" in C:\Users\micha\Local Sites\salem-events-hub-discover-local-happenings\app\public\wp-content\plugins\wp-event-manager\admin\wp-event-manager-writepanels.php on line 1250
[27-Mar-2025 22:30:02 UTC] PHP Warning:  Undefined array key "_event_health_guidelines" in C:\Users\micha\Local Sites\salem-events-hub-discover-local-happenings\app\public\wp-content\plugins\wp-event-manager\admin\wp-event-manager-writepanels.php on line 1250
[27-Mar-2025 22:34:03 UTC] PHP Warning:  Undefined array key "_event_type" in C:\Users\micha\Local Sites\salem-events-hub-discover-local-happenings\app\public\wp-content\plugins\wp-event-manager\admin\wp-event-manager-writepanels.php on line 1250
[27-Mar-2025 22:34:03 UTC] PHP Warning:  Undefined array key "_event_category" in C:\Users\micha\Local Sites\salem-events-hub-discover-local-happenings\app\public\wp-content\plugins\wp-event-manager\admin\wp-event-manager-writepanels.php on line 1250
[27-Mar-2025 22:34:03 UTC] PHP Warning:  Undefined array key "_event_health_guidelines" in C:\Users\micha\Local Sites\salem-events-hub-discover-local-happenings\app\public\wp-content\plugins\wp-event-manager\admin\wp-event-manager-writepanels.php on line 1250
[27-Mar-2025 22:34:06 UTC] PHP Warning:  Undefined array key "_event_type" in C:\Users\micha\Local Sites\salem-events-hub-discover-local-happenings\app\public\wp-content\plugins\wp-event-manager\admin\wp-event-manager-writepanels.php on line 1250
[27-Mar-2025 22:34:06 UTC] PHP Warning:  Undefined array key "_event_category" in C:\Users\micha\Local Sites\salem-events-hub-discover-local-happenings\app\public\wp-content\plugins\wp-event-manager\admin\wp-event-manager-writepanels.php on line 1250
[27-Mar-2025 22:34:07 UTC] PHP Warning:  Undefined array key "_event_health_guidelines" in C:\Users\micha\Local Sites\salem-events-hub-discover-local-happenings\app\public\wp-content\plugins\wp-event-manager\admin\wp-event-manager-writepanels.php on line 1250
[27-Mar-2025 22:34:11 UTC] PHP Warning:  Undefined array key "_event_type" in C:\Users\micha\Local Sites\salem-events-hub-discover-local-happenings\app\public\wp-content\plugins\wp-event-manager\admin\wp-event-manager-writepanels.php on line 1250
[27-Mar-2025 22:34:11 UTC] PHP Warning:  Undefined array key "_event_category" in C:\Users\micha\Local Sites\salem-events-hub-discover-local-happenings\app\public\wp-content\plugins\wp-event-manager\admin\wp-event-manager-writepanels.php on line 1250
[27-Mar-2025 22:34:11 UTC] PHP Warning:  Undefined array key "_event_health_guidelines" in C:\Users\micha\Local Sites\salem-events-hub-discover-local-happenings\app\public\wp-content\plugins\wp-event-manager\admin\wp-event-manager-writepanels.php on line 1250
[27-Mar-2025 22:36:01 UTC] PHP Warning:  Undefined array key "_event_type" in C:\Users\micha\Local Sites\salem-events-hub-discover-local-happenings\app\public\wp-content\plugins\wp-event-manager\admin\wp-event-manager-writepanels.php on line 1250
[27-Mar-2025 22:36:01 UTC] PHP Warning:  Undefined array key "_event_category" in C:\Users\micha\Local Sites\salem-events-hub-discover-local-happenings\app\public\wp-content\plugins\wp-event-manager\admin\wp-event-manager-writepanels.php on line 1250
[27-Mar-2025 22:36:01 UTC] PHP Warning:  Undefined array key "_event_health_guidelines" in C:\Users\micha\Local Sites\salem-events-hub-discover-local-happenings\app\public\wp-content\plugins\wp-event-manager\admin\wp-event-manager-writepanels.php on line 1250
[27-Mar-2025 22:53:47 UTC] [Image Optimizer]: info in ImageOptimization\Modules\Optimization\Classes\Optimize_Image->optimize(): Start optimization of 920
[27-Mar-2025 22:55:29 UTC] [Image Optimizer]: error in ImageOptimization\Modules\Optimization\Components\Upload_Optimization->optimize_image_on_upload(): Optimization error. Reason: cURL error 28: Operation timed out after 100014 milliseconds with 0 bytes received
[27-Mar-2025 23:07:31 UTC] [Image Optimizer]: info in ImageOptimization\Modules\Optimization\Classes\Optimize_Image->optimize(): Start optimization of 922
[27-Mar-2025 23:10:46 UTC] [Image Optimizer]: info in ImageOptimization\Modules\Optimization\Classes\Optimize_Image->optimize(): Start optimization of 924
[27-Mar-2025 23:11:59 UTC] PHP Warning:  Undefined array key "_event_type" in C:\Users\micha\Local Sites\salem-events-hub-discover-local-happenings\app\public\wp-content\plugins\wp-event-manager\admin\wp-event-manager-writepanels.php on line 1250
[27-Mar-2025 23:11:59 UTC] PHP Warning:  Undefined array key "_event_category" in C:\Users\micha\Local Sites\salem-events-hub-discover-local-happenings\app\public\wp-content\plugins\wp-event-manager\admin\wp-event-manager-writepanels.php on line 1250
[27-Mar-2025 23:11:59 UTC] PHP Warning:  Undefined array key "_event_health_guidelines" in C:\Users\micha\Local Sites\salem-events-hub-discover-local-happenings\app\public\wp-content\plugins\wp-event-manager\admin\wp-event-manager-writepanels.php on line 1250
[27-Mar-2025 23:12:00 UTC] PHP Warning:  Undefined array key "_event_type" in C:\Users\micha\Local Sites\salem-events-hub-discover-local-happenings\app\public\wp-content\plugins\wp-event-manager\admin\wp-event-manager-writepanels.php on line 1250
[27-Mar-2025 23:12:00 UTC] PHP Warning:  Undefined array key "_event_category" in C:\Users\micha\Local Sites\salem-events-hub-discover-local-happenings\app\public\wp-content\plugins\wp-event-manager\admin\wp-event-manager-writepanels.php on line 1250
[27-Mar-2025 23:12:00 UTC] PHP Warning:  Undefined array key "_event_health_guidelines" in C:\Users\micha\Local Sites\salem-events-hub-discover-local-happenings\app\public\wp-content\plugins\wp-event-manager\admin\wp-event-manager-writepanels.php on line 1250
[27-Mar-2025 23:12:02 UTC] PHP Warning:  Undefined array key "_event_type" in C:\Users\micha\Local Sites\salem-events-hub-discover-local-happenings\app\public\wp-content\plugins\wp-event-manager\admin\wp-event-manager-writepanels.php on line 1250
[27-Mar-2025 23:12:02 UTC] PHP Warning:  Undefined array key "_event_category" in C:\Users\micha\Local Sites\salem-events-hub-discover-local-happenings\app\public\wp-content\plugins\wp-event-manager\admin\wp-event-manager-writepanels.php on line 1250
[27-Mar-2025 23:12:02 UTC] PHP Warning:  Undefined array key "_event_health_guidelines" in C:\Users\micha\Local Sites\salem-events-hub-discover-local-happenings\app\public\wp-content\plugins\wp-event-manager\admin\wp-event-manager-writepanels.php on line 1250
[27-Mar-2025 23:13:17 UTC] PHP Warning:  Undefined array key "_event_type" in C:\Users\micha\Local Sites\salem-events-hub-discover-local-happenings\app\public\wp-content\plugins\wp-event-manager\admin\wp-event-manager-writepanels.php on line 1250
[27-Mar-2025 23:13:17 UTC] PHP Warning:  Undefined array key "_event_category" in C:\Users\micha\Local Sites\salem-events-hub-discover-local-happenings\app\public\wp-content\plugins\wp-event-manager\admin\wp-event-manager-writepanels.php on line 1250
[27-Mar-2025 23:13:17 UTC] PHP Warning:  Undefined array key "_event_health_guidelines" in C:\Users\micha\Local Sites\salem-events-hub-discover-local-happenings\app\public\wp-content\plugins\wp-event-manager\admin\wp-event-manager-writepanels.php on line 1250
[27-Mar-2025 23:13:19 UTC] PHP Warning:  Undefined array key "_event_type" in C:\Users\micha\Local Sites\salem-events-hub-discover-local-happenings\app\public\wp-content\plugins\wp-event-manager\admin\wp-event-manager-writepanels.php on line 1250
[27-Mar-2025 23:13:19 UTC] PHP Warning:  Undefined array key "_event_category" in C:\Users\micha\Local Sites\salem-events-hub-discover-local-happenings\app\public\wp-content\plugins\wp-event-manager\admin\wp-event-manager-writepanels.php on line 1250
[27-Mar-2025 23:13:19 UTC] PHP Warning:  Undefined array key "_event_health_guidelines" in C:\Users\micha\Local Sites\salem-events-hub-discover-local-happenings\app\public\wp-content\plugins\wp-event-manager\admin\wp-event-manager-writepanels.php on line 1250
[27-Mar-2025 23:13:23 UTC] PHP Warning:  Undefined array key "_event_type" in C:\Users\micha\Local Sites\salem-events-hub-discover-local-happenings\app\public\wp-content\plugins\wp-event-manager\admin\wp-event-manager-writepanels.php on line 1250
[27-Mar-2025 23:13:23 UTC] PHP Warning:  Undefined array key "_event_category" in C:\Users\micha\Local Sites\salem-events-hub-discover-local-happenings\app\public\wp-content\plugins\wp-event-manager\admin\wp-event-manager-writepanels.php on line 1250
[27-Mar-2025 23:13:23 UTC] PHP Warning:  Undefined array key "_event_health_guidelines" in C:\Users\micha\Local Sites\salem-events-hub-discover-local-happenings\app\public\wp-content\plugins\wp-event-manager\admin\wp-event-manager-writepanels.php on line 1250
[27-Mar-2025 23:13:27 UTC] PHP Warning:  Undefined array key "_event_type" in C:\Users\micha\Local Sites\salem-events-hub-discover-local-happenings\app\public\wp-content\plugins\wp-event-manager\admin\wp-event-manager-writepanels.php on line 1250
[27-Mar-2025 23:13:27 UTC] PHP Warning:  Undefined array key "_event_category" in C:\Users\micha\Local Sites\salem-events-hub-discover-local-happenings\app\public\wp-content\plugins\wp-event-manager\admin\wp-event-manager-writepanels.php on line 1250
[27-Mar-2025 23:13:27 UTC] PHP Warning:  Undefined array key "_event_health_guidelines" in C:\Users\micha\Local Sites\salem-events-hub-discover-local-happenings\app\public\wp-content\plugins\wp-event-manager\admin\wp-event-manager-writepanels.php on line 1250
[27-Mar-2025 23:13:31 UTC] PHP Warning:  Undefined array key "_event_type" in C:\Users\micha\Local Sites\salem-events-hub-discover-local-happenings\app\public\wp-content\plugins\wp-event-manager\admin\wp-event-manager-writepanels.php on line 1250
[27-Mar-2025 23:13:31 UTC] PHP Warning:  Undefined array key "_event_category" in C:\Users\micha\Local Sites\salem-events-hub-discover-local-happenings\app\public\wp-content\plugins\wp-event-manager\admin\wp-event-manager-writepanels.php on line 1250
[27-Mar-2025 23:13:31 UTC] PHP Warning:  Undefined array key "_event_health_guidelines" in C:\Users\micha\Local Sites\salem-events-hub-discover-local-happenings\app\public\wp-content\plugins\wp-event-manager\admin\wp-event-manager-writepanels.php on line 1250
[27-Mar-2025 23:13:34 UTC] PHP Warning:  Undefined array key "_event_type" in C:\Users\micha\Local Sites\salem-events-hub-discover-local-happenings\app\public\wp-content\plugins\wp-event-manager\admin\wp-event-manager-writepanels.php on line 1250
[27-Mar-2025 23:13:34 UTC] PHP Warning:  Undefined array key "_event_category" in C:\Users\micha\Local Sites\salem-events-hub-discover-local-happenings\app\public\wp-content\plugins\wp-event-manager\admin\wp-event-manager-writepanels.php on line 1250
[27-Mar-2025 23:13:35 UTC] PHP Warning:  Undefined array key "_event_health_guidelines" in C:\Users\micha\Local Sites\salem-events-hub-discover-local-happenings\app\public\wp-content\plugins\wp-event-manager\admin\wp-event-manager-writepanels.php on line 1250
[27-Mar-2025 23:13:38 UTC] PHP Warning:  Undefined array key "_event_type" in C:\Users\micha\Local Sites\salem-events-hub-discover-local-happenings\app\public\wp-content\plugins\wp-event-manager\admin\wp-event-manager-writepanels.php on line 1250
[27-Mar-2025 23:13:38 UTC] PHP Warning:  Undefined array key "_event_category" in C:\Users\micha\Local Sites\salem-events-hub-discover-local-happenings\app\public\wp-content\plugins\wp-event-manager\admin\wp-event-manager-writepanels.php on line 1250
[27-Mar-2025 23:13:38 UTC] PHP Warning:  Undefined array key "_event_health_guidelines" in C:\Users\micha\Local Sites\salem-events-hub-discover-local-happenings\app\public\wp-content\plugins\wp-event-manager\admin\wp-event-manager-writepanels.php on line 1250
[27-Mar-2025 23:13:45 UTC] PHP Warning:  Undefined array key "_event_type" in C:\Users\micha\Local Sites\salem-events-hub-discover-local-happenings\app\public\wp-content\plugins\wp-event-manager\admin\wp-event-manager-writepanels.php on line 1250
[27-Mar-2025 23:13:45 UTC] PHP Warning:  Undefined array key "_event_category" in C:\Users\micha\Local Sites\salem-events-hub-discover-local-happenings\app\public\wp-content\plugins\wp-event-manager\admin\wp-event-manager-writepanels.php on line 1250
[27-Mar-2025 23:13:45 UTC] PHP Warning:  Undefined array key "_event_health_guidelines" in C:\Users\micha\Local Sites\salem-events-hub-discover-local-happenings\app\public\wp-content\plugins\wp-event-manager\admin\wp-event-manager-writepanels.php on line 1250
[27-Mar-2025 23:16:16 UTC] PHP Warning:  Undefined array key "_event_type" in C:\Users\micha\Local Sites\salem-events-hub-discover-local-happenings\app\public\wp-content\plugins\wp-event-manager\admin\wp-event-manager-writepanels.php on line 1250
[27-Mar-2025 23:16:16 UTC] PHP Warning:  Undefined array key "_event_category" in C:\Users\micha\Local Sites\salem-events-hub-discover-local-happenings\app\public\wp-content\plugins\wp-event-manager\admin\wp-event-manager-writepanels.php on line 1250
[27-Mar-2025 23:16:16 UTC] PHP Warning:  Undefined array key "_event_health_guidelines" in C:\Users\micha\Local Sites\salem-events-hub-discover-local-happenings\app\public\wp-content\plugins\wp-event-manager\admin\wp-event-manager-writepanels.php on line 1250
[27-Mar-2025 23:16:18 UTC] PHP Warning:  Undefined array key "_event_type" in C:\Users\micha\Local Sites\salem-events-hub-discover-local-happenings\app\public\wp-content\plugins\wp-event-manager\admin\wp-event-manager-writepanels.php on line 1250
[27-Mar-2025 23:16:18 UTC] PHP Warning:  Undefined array key "_event_category" in C:\Users\micha\Local Sites\salem-events-hub-discover-local-happenings\app\public\wp-content\plugins\wp-event-manager\admin\wp-event-manager-writepanels.php on line 1250
[27-Mar-2025 23:16:18 UTC] PHP Warning:  Undefined array key "_event_health_guidelines" in C:\Users\micha\Local Sites\salem-events-hub-discover-local-happenings\app\public\wp-content\plugins\wp-event-manager\admin\wp-event-manager-writepanels.php on line 1250
[27-Mar-2025 23:16:20 UTC] PHP Warning:  Undefined array key "_event_type" in C:\Users\micha\Local Sites\salem-events-hub-discover-local-happenings\app\public\wp-content\plugins\wp-event-manager\admin\wp-event-manager-writepanels.php on line 1250
[27-Mar-2025 23:16:20 UTC] PHP Warning:  Undefined array key "_event_category" in C:\Users\micha\Local Sites\salem-events-hub-discover-local-happenings\app\public\wp-content\plugins\wp-event-manager\admin\wp-event-manager-writepanels.php on line 1250
[27-Mar-2025 23:16:20 UTC] PHP Warning:  Undefined array key "_event_health_guidelines" in C:\Users\micha\Local Sites\salem-events-hub-discover-local-happenings\app\public\wp-content\plugins\wp-event-manager\admin\wp-event-manager-writepanels.php on line 1250
[27-Mar-2025 23:17:14 UTC] PHP Warning:  Undefined array key "_event_type" in C:\Users\micha\Local Sites\salem-events-hub-discover-local-happenings\app\public\wp-content\plugins\wp-event-manager\admin\wp-event-manager-writepanels.php on line 1250
[27-Mar-2025 23:17:14 UTC] PHP Warning:  Undefined array key "_event_category" in C:\Users\micha\Local Sites\salem-events-hub-discover-local-happenings\app\public\wp-content\plugins\wp-event-manager\admin\wp-event-manager-writepanels.php on line 1250
[27-Mar-2025 23:17:14 UTC] PHP Warning:  Undefined array key "_event_health_guidelines" in C:\Users\micha\Local Sites\salem-events-hub-discover-local-happenings\app\public\wp-content\plugins\wp-event-manager\admin\wp-event-manager-writepanels.php on line 1250
[27-Mar-2025 23:19:00 UTC] PHP Warning:  Undefined array key "_event_type" in C:\Users\micha\Local Sites\salem-events-hub-discover-local-happenings\app\public\wp-content\plugins\wp-event-manager\admin\wp-event-manager-writepanels.php on line 1250
[27-Mar-2025 23:19:00 UTC] PHP Warning:  Undefined array key "_event_category" in C:\Users\micha\Local Sites\salem-events-hub-discover-local-happenings\app\public\wp-content\plugins\wp-event-manager\admin\wp-event-manager-writepanels.php on line 1250
[27-Mar-2025 23:19:00 UTC] PHP Warning:  Undefined array key "_event_health_guidelines" in C:\Users\micha\Local Sites\salem-events-hub-discover-local-happenings\app\public\wp-content\plugins\wp-event-manager\admin\wp-event-manager-writepanels.php on line 1250
[27-Mar-2025 23:19:02 UTC] PHP Warning:  Undefined array key "_event_type" in C:\Users\micha\Local Sites\salem-events-hub-discover-local-happenings\app\public\wp-content\plugins\wp-event-manager\admin\wp-event-manager-writepanels.php on line 1250
[27-Mar-2025 23:19:02 UTC] PHP Warning:  Undefined array key "_event_category" in C:\Users\micha\Local Sites\salem-events-hub-discover-local-happenings\app\public\wp-content\plugins\wp-event-manager\admin\wp-event-manager-writepanels.php on line 1250
[27-Mar-2025 23:19:02 UTC] PHP Warning:  Undefined array key "_event_health_guidelines" in C:\Users\micha\Local Sites\salem-events-hub-discover-local-happenings\app\public\wp-content\plugins\wp-event-manager\admin\wp-event-manager-writepanels.php on line 1250
[28-Mar-2025 03:35:53 UTC] [Image Optimizer]: info in ImageOptimization\Modules\Optimization\Classes\Optimize_Image->optimize(): Start optimization of 926
[28-Mar-2025 03:56:54 UTC] [Image Optimizer]: info in ImageOptimization\Modules\Optimization\Classes\Optimize_Image->optimize(): Start optimization of 928
[28-Mar-2025 04:32:13 UTC] [Image Optimizer]: info in ImageOptimization\Modules\Optimization\Classes\Optimize_Image->optimize(): Start optimization of 930
[28-Mar-2025 04:38:45 UTC] [Image Optimizer]: info in ImageOptimization\Modules\Optimization\Classes\Optimize_Image->optimize(): Start optimization of 932
[28-Mar-2025 04:41:47 UTC] [Image Optimizer]: info in ImageOptimization\Modules\Optimization\Classes\Optimize_Image->optimize(): Start optimization of 934
[28-Mar-2025 04:48:22 UTC] [Image Optimizer]: info in ImageOptimization\Modules\Optimization\Classes\Optimize_Image->optimize(): Start optimization of 936
[28-Mar-2025 04:53:50 UTC] [Image Optimizer]: info in ImageOptimization\Modules\Optimization\Classes\Optimize_Image->optimize(): Start optimization of 938
[28-Mar-2025 05:00:51 UTC] [Image Optimizer]: info in ImageOptimization\Modules\Optimization\Classes\Optimize_Image->optimize(): Start optimization of 940
[28-Mar-2025 05:04:22 UTC] [Image Optimizer]: info in ImageOptimization\Modules\Optimization\Classes\Optimize_Image->optimize(): Start optimization of 942
[28-Mar-2025 05:09:47 UTC] [Image Optimizer]: info in ImageOptimization\Modules\Optimization\Classes\Optimize_Image->optimize(): Start optimization of 944
[28-Mar-2025 05:13:44 UTC] PHP Warning:  Undefined array key "_event_type" in C:\Users\micha\Local Sites\salem-events-hub-discover-local-happenings\app\public\wp-content\plugins\wp-event-manager\admin\wp-event-manager-writepanels.php on line 1250
[28-Mar-2025 05:13:44 UTC] PHP Warning:  Undefined array key "_event_category" in C:\Users\micha\Local Sites\salem-events-hub-discover-local-happenings\app\public\wp-content\plugins\wp-event-manager\admin\wp-event-manager-writepanels.php on line 1250
[28-Mar-2025 05:13:44 UTC] PHP Warning:  Undefined array key "_event_health_guidelines" in C:\Users\micha\Local Sites\salem-events-hub-discover-local-happenings\app\public\wp-content\plugins\wp-event-manager\admin\wp-event-manager-writepanels.php on line 1250
[28-Mar-2025 05:16:36 UTC] PHP Warning:  Undefined array key "_event_type" in C:\Users\micha\Local Sites\salem-events-hub-discover-local-happenings\app\public\wp-content\plugins\wp-event-manager\admin\wp-event-manager-writepanels.php on line 1250
[28-Mar-2025 05:16:36 UTC] PHP Warning:  Undefined array key "_event_category" in C:\Users\micha\Local Sites\salem-events-hub-discover-local-happenings\app\public\wp-content\plugins\wp-event-manager\admin\wp-event-manager-writepanels.php on line 1250
[28-Mar-2025 05:16:37 UTC] PHP Warning:  Undefined array key "_event_health_guidelines" in C:\Users\micha\Local Sites\salem-events-hub-discover-local-happenings\app\public\wp-content\plugins\wp-event-manager\admin\wp-event-manager-writepanels.php on line 1250
